price,surface,localisation,description,nombre_pieces,rue,link,labels_predicted
15001.0,230.0, Paris 1er (75),"Belle boutique d'angle au coeur du Chatêlet, Rue Saint-Honoré et Rue Prouvaires, à côté du forum des Halles et à proximité de la Samaritaine.
CARACTERISTIQUES DE L'OFFRE :&nbsp;
Nous vous proposons cette boutique avec extraction d'environ 230 m² sur 4 niveaux avec façade de plus de 15 mètres.
Le Rez-de-Chaussée est d'environ 130 m² avec surface de vente, une grande cuisine et un ascenseur deservant le rez-de-chaussée et les 2 sous-sols.
Les 2 sous-sols sont à usages de réserves, vestiaires, chambres froides. Une petite mezzanine est présente avec un bureau, un sanitaire et une douche (environ 10/12…",-1,Rue Saint,https://immobilier.lefigaro.fr/annonces/annonce-45213614.html,0
15886.0,250.0, Paris 10ème (75),"A la lisière du 9ème arrondissement, rue de Paradis , dans un immeuble tertiaire de standing, à louer une surface lumineuse. CARACTERISTIQUES DE L'OFFRE :
Surface d'environ 250m²&nbsp;REFAITS A NEUFS
5ème étage avec ascenseur et 3 accès sur la surface
open space, wc, espace cuisine, climatisation réversible.
Cablâge RJ 45
Calme et clair
Digicode, interphone&nbsp;
Hôtesse d'accueil
Possibilité d'emplacement de parking en sus.
CONDITIONS : Type de bail : Bail 3-6-9 ans - prestation de services&nbsp;
Loyer mensuel : 17 500€/mois tout compris CC TTC - Hors TVA&nbsp;
Disponibilité : Immédiate&nbsp;
&nbsp; Prestations : Ascenseu…",-1,Rue de Paradis,https://immobilier.lefigaro.fr/annonces/annonce-49048886.html,0
18000.0,256.0, Paris 16ème (75),"Prestigieuse adresse parisienne privilégiée, une très belle maison non meublée entièrement repeinte ( travaux à venir) de 311 m² au sol , ouvrant sur balcon-terrasse de 36,60 m² et avec un jardin de 143 m².   Au rez-de-chaussée, une double réception donnant sur le jardin, une cuisine dînatoire séparée et équipée avec coin repas et des toilettes invités.  Au premier étage, deux chambres donnant sur l'avenue dont une avec sa propre salle de bains/wc et l'autre comportant des rangements. Une troisième chambre donnant sur le jardin comportant des rangements.  Au deuxième étage,  vous tomberez sous…",8,Inconnu,https://immobilier.lefigaro.fr/annonces/annonce-47931090.html,0
10565.0,325.3, Paris 8ème (75),"PARC MONCEAU - RUE DE COURCELLES Paris 8ème au deuxième étage avec ascenseur d'un immeuble ancien et sécurisé, un appartement de sept pièces comprenant : une entrée, un salon, un séjour, une salle à manger, un dégagement, trois chambres, un bureau, une salle de bains avec douche, une salle d’eau avec WC et un WC séparés.

Chauffage au gaz et eau chaude individuels électriques.



Un box fermé et une cave complètent ce bien. 



BIEN INSTITUTIONNEL: Bail Code Civil (bail au nom d'une société ou résidence secondaire), honoraires à la charge du locataire : 12 % TTC du loyer annuel hors charges.

…",7,Rue de Courcelles,https://immobilier.lefigaro.fr/annonces/annonce-47334388.html,1
8000.0,220.0, Paris 3ème (75),"LOCATION MEUBLÉE COURTE DUREE - LOFT - 75003 PARIS    METRO ST SEBASTIEN FROISSARD (ligne 8) &amp; SAINT PAUL (ligne 1)    RARE ! LOFT EXCEPTIONNEL AVEC TERRASSE DE 100M² AU CUR DU MARAIS - 3 CHAMBRES   A DEUX PAS DE LA PLACE DES VOSGES ET L'OPÉRA BASTILLE!  Intérieur moderne, grand confort pour cet appartement avec parquet, poutres, belle hauteur sous plafond, grande luminosité, et calme.     Dans le cœur historique de Paris (proche Place des Vosges, Marais) dans un quartier vivant cet appartement est situé dans un immeuble du XVIIème siècle, niché dans une impasse secrète.     Entièrement refai…",5,Inconnu,https://immobilier.lefigaro.fr/annonces/annonce-43403004.html,1
21463.0,244.0, Paris 9ème (75),"Entre Le Peletier et Notre-Dame-De-Lorette, Consult'im propose en location 244m² en cours de rénovation avec balcon filant de 14m².
Au 5ème étage, les bureaux seront composés de deux open-space, d'un espace équipe, de deux bureaux, de deux salles de réunion, de sanaitaires et d'une cuisine. Des phones boxs individuelles seront mises à disposition des utilisateurs.&nbsp;
Jusqu'à 35 postes possibles.
Bail : prestation de services de 12 è 36 mois.
Disponibilité: mi-juillet.",-1,Inconnu,https://immobilier.lefigaro.fr/annonces/annonce-45025030.html,0
20250.0,437.0, Paris 17ème (75),"iad France - Hector Galloula ( <button>contactez l’annonceur</button>) vous propose : BAIL PRECAIRE    Avenue GOURGAUD                                                                  Immeuble indépendant de 437m2 environ composé :
-d'un sous-sol : local technique et deux bureaux de 20m2 environ
-d'un rdc avec accueil, réception et deux grands bureaux
-d'un 1er étage avec 3 bureaux séparés de 20m2 environ chacun, pièce de rangement et WC.
-d'un 2ème étage avec 2 bureaux, coin cuisine, WC, Open-Space et bureau de direction.
-et d'un 3 ème étage avec un open Space de 70m2 environ
Proche de commerces et transports, immeu…",-1,Inconnu,https://immobilier.lefigaro.fr/annonces/annonce-49276400.html,0
9700.0,294.5, Paris 16ème (75),"A LOUER VIDE - ANGLE RUE LAURISTON / RUE BOISSIERE - SUPERBE DUPLEX DE 5 PIÈCES DE 294,5 M² - 4 CHAMBRES.



Dans un très bel immeuble PDT, sécurisé par digicode et interphone. Nous vous proposons ce magnifique duplex de 5 pièces situé aux 3ème et 4ème étages par ascenseur privatif (bureaux dans les étages du dessous).

Il se compose d'une belle entrée exclusive dans l'immeuble au rdc ; au 1er niveau d'une véranda, terrasse au calme, d'un grand séjour avec balcon filant, de deux chambres avec leurs salles de douche et WC, d'une cuisine équipée ; à l'étage, 2 autres chambres avec leur salle de …",5,Rue Lauriston,https://immobilier.lefigaro.fr/annonces/annonce-48343044.html,1
13752.0,280.0, Paris 4ème (75),"Sur la prestigueuse Ile Saint Louis, à proximité du métro Pont Marie, à louer surface commerciale de 280m² répartie sur deux niveaux.&nbsp; CARACTERISTIQUES DE L'OFFRE : REZ DE CHAUSSEE &nbsp;de 182m2,&nbsp;avec le cachet d'époque, poutres apparentes, colombages et pierres apparentes
SOUS-SOL &nbsp;vouté de 98 m2, directement accessible par un escalier intérieur.&nbsp;
PRESTATIONS :
- Double entrée sur la rue Saint Louis en L'ile
- Entrée par les parties communes sur la rue des deux ponts
- Extraction fonctionnelle
-&nbsp;Installation possible d'une deuxième extraction (cheminée)
- Licence 4 possible
- 1 sanitaire PMR en R…",-1,Rue Saint,https://immobilier.lefigaro.fr/annonces/annonce-47672734.html,0
14606.0,368.0, Paris 8ème (75),"Au coeur du QCA, à deux pas du métro et dans un immeuble haussmannien de bon standing avec parties communes de qualité, à louer bureaux livrés rénovés câblés et climatisés d'une surface de 368m² sur deux niveaux CARACTERISTIQUES DE L'OFFRE
A toute proximité du métro Miromenil
Locaux rénovés, cablés et climatisés
- Au 5ème étage (143m²) :
Entrée/accueil
2 open-space
Salle de réunion
Espace de stockage
Cuisine et un bloc sanitaire
- Au 6ème étage (225m²) :
Entrée/accueil
2 open-space, 2 bureaux
Espace reporgrahie
Cuisine et un bloc sanitaire.
Espaces facilement recloisonnables.
Gardien
Fibre opt…",-1,Inconnu,https://immobilier.lefigaro.fr/annonces/annonce-47097928.html,0
8500.0,211.0, Paris 12ème (75),"Proche Nation, Consult'im vous propose une surface de bureaux atypique de 211m² de plain pied, idéal pour une activité de stockage, Showroom, bureaux avec belle vérrière.
Belle vérriere apportant de la lumière naturelle ainsi qu'une vitrine de 5m linéaire ainsi qu'un accès indépendant sur la rue. Toute activité sauf restauration avec extraction. Garanties demandées. Cession 50 000€ négociable.
Disponible rapidement après accord.
Bail 3/6/9 ans. Prestations : Verrière;Vitrine;sous sol",-1,Rue Toute,https://immobilier.lefigaro.fr/annonces/annonce-44786130.html,1
16680.0,265.0, Paris 16ème (75),"A proximité de la place Charles de Gaulle Etoile et de l'avenue d'Iéna, dans un très bel hôtel particulier de prestige avec hôtesse d'accueil, bureaux de 265m²,&nbsp;situés au 2ème étage avec ascenseur se composant d'une très belle entrée/accueil desservant 5 beaux bureaux sur rue et jardin, une très belle pièce en open space sur cour, une salle de réunion, local archives, bloc sanitaires H/F. Balcon sur rue.
Câblage informatique et fibre.
Bail : Prestations de services
Disponibilité immédiate Prestations : Ascenseur;Câblage informatique;Chauffage collectif;Cuisine;Faux plancher technique;Hôtesse d…",-1,Rue Et,https://immobilier.lefigaro.fr/annonces/annonce-42615815.html,0
15000.0,207.32, Paris 4ème (75),"Situé au coeur de l'île Saint-Louis sur le quai d'Orléans, au deuxième étage avec ascenseur d'un immeuble XVIIIe, ce somptueux appartement de 207,32m² loi Carrez loué meublé, exposé plein sud, surplombe la Seine. Entièrement rénové par architecte avec de belles prestations, il comprend une entrée, un séjour, un spacieux salon, un petit salon, une salle à manger, une grande cuisine indépendante aménagée et équipée, un bureau, trois chambres (possibilité quatre), deux salles de bains, une salle de douche et trois toilettes. Le charme ancien a été conservé: beaux volumes, parquet, moulures et che…",6,Inconnu,https://immobilier.lefigaro.fr/annonces/annonce-38213919.html,0
7752.0,223.0, Paris 11ème (75),"A proximité du métro Charonne, dans un immeuble ancien bien entretenu, à louer une surface de bureaux de 223m² entièrement rénovée donnant sur une cour pavée et arborée. CARACTERISTIQUES DE L'OFFRE :
&nbsp;
3 open space
1 grand bureau&nbsp;et un local reprographie
Espace cuisine avec cloison coulissante
Verrières latérales
Double accès&nbsp;
Câblage informatique&nbsp;
Baie de brassage&nbsp;
CONDITIONS FINANCIERES : Bail : &nbsp;3/6/9 ans&nbsp;
Loyer : &nbsp;7750€/mois HT HC
Disponibilité : &nbsp;Immédiate
&nbsp; Prestations : Baie de brassage;Espace cuisine;Sanitaires;cablage informatique",-1,Inconnu,https://immobilier.lefigaro.fr/annonces/annonce-49048884.html,1
13107.0,452.0, Paris 19ème (75),"Paris 19ème rue Petit, métro Ourcq immeuble de bureaux avec ascenseur, chauffage et clim, restaurant d'entreprise, au 7ème étage seul sur le palier, plateau de 452m2 offrant en l'état 9 bureaux, 1 salle de réunion, 1 local électrique, 1 local pour les serveurs, une pièce pour matériel d'impression, 3 wc, coin cuisine. 8 emplacements de parking. 2 caves Loyer annuel : <button>contactez l’annonceur</button> HT HC Provision charges annuelles : 26 780 euros Dépôt de garantie : 32 625 euros Honoraires commercialisation : 46 980 euros TTC Honoraires rédaction : 600 euros HT Locaux disponibles Visites sur rendez vous",-1,Rue Petit,https://immobilier.lefigaro.fr/annonces/annonce-39442429.html,1
19840.0,400.0, Paris 11ème (75),"Métro République, dans un immeuble ancien avec une structure Eiffel, à louer une surface de 400m² au 3ème étage.
CARACTERISTIQUES DE L'OFFRE &nbsp;:
Livrée rénovée et climatisée
Open space et bureaux cloisonnées.
Facilité d’aménagement.
Belle Hauteur sous plafond.
CONDITIONS &nbsp;:
Type de bail: Bail 3/6/9 ans
Loyer bureaux: 595€/m²/an HT HC
Disponibilité: Immédiatement
&nbsp; Prestations : Ascenseur;Bureaux cloisonnés;Chauffage collectif;Contrôle d'accès;Fibre",-1,Inconnu,https://immobilier.lefigaro.fr/annonces/annonce-43765302.html,0
10000.0,226.7, Paris 3ème (75),"RARE !

Au 5ème étage, avec ascenseur, d'un bel immeuble de standing, splendide appartement de 7 pièces entièrement  : galerie d'entrée, beau volume de réception avec grands balcons filants, 1 cuisine semi-ouverte équipée (plaque, frigidaire, fours,cave à vin, lave vaisselle, etc...)sur séjour,1 cellier/buanderie (lave linge, sèche linge,congélateur etc...), 4 chambres, 4 Salles de douches, 2 WC, nombreux rangements. 1 cave. Gardien- immeuble sécurisé.

Cet appartement vous séduira par sa vue spectaculaire sur le CNAM, ses prestations haut de gamme, sa luminosité et sa belle hauteur sous plafo…",7,Inconnu,https://immobilier.lefigaro.fr/annonces/annonce-48342294.html,1
11251.0,286.0, Paris 20ème (75),"CONSULT'IM vous propose dans le quartier très commerçant de Nation, à proximité immédiate de nombreuses enseignes et notamment du Printemps, une boutique en location pure de 291m², répartie sur trois niveaux.
CARACTERISTIQUES DE L'OFFRE &nbsp;:
Elle se compose :
-&nbsp;d'un RDC de 100m²,
- d'un 1er étage de 116m²
- d'un sous-sol de 75m²
Sous sol et 1er étage accessible directement par un escalier intérieur.&nbsp;
Pose d'une extraction de 400mm possible (validé en mairie en Nov 2021).
Toutes activités autorisées.&nbsp;
CONDITIONS &nbsp;:&nbsp; Type de bail &nbsp;: Bail commercial 3/6/9 ans
Loyer : 153 000€/an HTHC
Disponibilité …",3,Inconnu,https://immobilier.lefigaro.fr/annonces/annonce-47097866.html,1
8335.0,281.0, Paris 15ème (75),"Métro Montparnasse, dans un immeuble récent, à louer une surface de bureaux de 281m² en RDC (250m² pondérés), aménagée en open-space avec un espace kitchenette et une réserve.
Chauffage individuel électrique - Sol béton ciré - Vitrine.
Idéal show-room, danse, yoga, galerie, architectes, stockage...
Bail : 3/6/9/10 ans. Disponible immédiatement. Prestations : Accès PMR;Câblage informatique;Chauffage individuel électrique;Espace Ouvert",-1,Inconnu,https://immobilier.lefigaro.fr/annonces/annonce-41063027.html,1
14059.0,486.0, Paris 1er (75),"Métro Châtelet, au sein d'un bel immeuble d'angle haussmannien, à louer une surface de bureaux climatisée de 486m² en duplex aux derniers étages. CARACTERISTIQUES DE L'OFFRE :
Mix bureaux cloisonnés/open-spaces
Grande flexibilité d'aménagement (peu de contraintes porteuses)
Accès sécurisé
Climatisation réversible
Ascenseur
Gardien
Locaux d'archives disponibles
Vue dégagée
CONDITIONS : Type de bail : Bail 3/6/9 ans Loyer mensuel : 14 053,50 €/mois HT HC
Charges : 59 €/m²/an
Disponibilité : Immédiate
&nbsp; Prestations : Accès sécurisé;Ascenseur;Climatisation réversible;Cuisine;duplex;Gardien;Immeubl…",-1,Inconnu,https://immobilier.lefigaro.fr/annonces/annonce-35313455.html,0
9002.0,217.0, Paris 12ème (75),"Proche du métro Ledru-Rollin, à proximité du Faubourg Saint-Antoine, dans un immeuble ancien de bon standing
CARACTERISTIQUES DE L'OFFRE &nbsp;:
La surface de boutique à louer est de 176m² en RDC ainsi qu'un sous sol de 41m² en accès direct depuis le local.
Linéaire de façade important (22m)
Le local commercial donne sur une jolie cour pavée, avec 3 accès différents.
Une&nbsp;belle hauteur sous plafond.
Chauffage collectif.
Toute activité sauf nuisance.
&nbsp;
CONDITIONS : Type de bail: &nbsp;Bail commercial 3/6/9 ans
Loyer: 108 000€/an HT soit 9000€/mois HT-HC
Disponibilité:&nbsp; &nbsp;Après accord&nbsp; Prestations : Chauffa…",-1,Inconnu,https://immobilier.lefigaro.fr/annonces/annonce-45832270.html,1
8633.0,207.0, Paris 10ème (75),"A toute proximité du métro République, dans un immeuble récent, à louer une surface de bureaux rénovée traversante en duplex de 207m² au 5ème et 6ème étage
CARACTERISTIQUES DE L'OFFRE : &nbsp;
Full open-space
4 sanitaires
Kitchenette
Contrôle d'accès
Climatisation réversible
Double vitrage
Câblage informatique
Gardien
Parkings en sous-sol inclus dans le loyer&nbsp;
CONDITIONS :&nbsp; Bail : 3/6/9 ans Loyer : 500€/m²/an HT HC&nbsp;
Disponible : Immédiatement Prestations : Climatisation réversible;Cuisine;Double vitrage;Faux plafond;Gardien",-1,Inconnu,https://immobilier.lefigaro.fr/annonces/annonce-48454366.html,1
20000.0,265.0, Paris 8ème (75),"Très bel et très agréable appartement meublé de standing dans immeuble au plein coeur du triangle d'or avec vue exceptionnelle sur Tour Eiffel, Dôme des Invalides et église Orthodoxe Russe. Situé au 4ème étage par ascenseur, seul à étage. Comprenant, une entrée, un grand séjour avec grandes fenêtres et vue dégagée. Une salle à manger, 3 chambres confortables avec salle de bains et WC attenant, une cuisine aménagée, un office buanderie, une chambre de service avec douche pour employer de maison. Deux parkings en sous-sol.",6,Inconnu,https://immobilier.lefigaro.fr/annonces/annonce-31177371.html,0
15200.0,230.0, Paris 8ème (75),"Avenue Georges V dans un magnifique immeuble haussmannien de haut standing. Superbe appartement entièrement rénové et jamais habité, mobilier neuf. Galerie d'entrée, magnifique cuisine complètement équipée, buanderie, grand salon, salle à manger, suite parentale, 2 chambres (possibilité 4 chambres), Deux salles de bains, une salle d'eau, 4 WC. Parquet, moulures, cheminées. Hauteur sous plafond de 3,45 m. Soleil, double exposition. Libre début décembre  Bail code civil.  CIVEL Immobilier  56 Avenue Marceau 75008 Paris  Tél.    <button>contactez l’annonceur</button>  Port : <button>contactez l’annonceur</button>  thierrycoh@gmail.com",6,Inconnu,https://immobilier.lefigaro.fr/annonces/annonce-47659186.html,0
6655.0,220.0, Paris 17ème (75),"Paris 17 - Quartier Batignolles - Nous vous proposons des locaux à usage de bureaux dans le 17ème, quartier Batignolles. Ils viennent d'être intégralement rénovés. Ils se composent d'un espace modulable de 220 m² en rez-de-chaussée avec peu de structures porteuses, une belle verrière neuve, 2 accès indépendants sur cour, d'un espace détente avec cuisine. Un sous-sol de 15 m² est directement accessible par le RDC.

Les locaux sont climatisés, disposent également d'une baie de brassage et de rideaux métalliques électriques. Pour toute information ou visite, contactez Vincent ALLOUCH au <button>contactez l’annonceur</button>.…",-1,Inconnu,https://immobilier.lefigaro.fr/annonces/annonce-47255324.html,1
10738.0,274.0, Paris 11ème (75),"Métro République, dans un immeuble ancien avec une structure Eiffel, à louer une surface de 274m² en duplex.
CARACTERISTIQUES DE L'OFFRE &nbsp;:
Duplex 1 er et 2 ème étage.
Open space et bureaux cloisonnées.
Facilité d’aménagement.
Belle Hauteur sous plafond
CONDITIONS &nbsp;:
Type de bail: Bail 3/6/9 ans
Loyer bureaux: 470€/m²/an HT HC
Disponibilité: Immédiatement Prestations : Ascenseur;Bureaux cloisonnés;Chauffage collectif;Contrôle d'accès;Fibre",-1,Inconnu,https://immobilier.lefigaro.fr/annonces/annonce-47097752.html,1
10859.0,303.0, Paris 2ème (75),"Strasbourg Saint-Denis, à louer au 2ème étage avec ascenseur d'un immeuble Pierre de Taille de bon standing, une surface de bureaux ENTIEREMENT RENOVEE de 303 m² .  CARACTERISTIQUES DE L'OFFRE :
1 entrée/accueil
Mix open / bureaux cloisonnés
Bloc sanitaire 
LES ATOUTS DE L'OFFRE :
Surface livrée entièrement rénovée
Belle hauteur sous plafond
Bel immeuble bien entretenu
Ascenseur
Climatisation
Accès sécurisé
CONDITIONS FINANCIERES :  Type de bail : 3/6/9 ans Loyer : 11 362,50 €/mois HT HC 
Charges : 15,51 €/m²/an Prestations : Ascenseur;Climatisation;Interphone;Faux plafond",-1,Inconnu,https://immobilier.lefigaro.fr/annonces/annonce-49634136.html,1
10159.0,420.0, Paris 15ème (75),"A proximité de la Gare Montparnasse, dans le 15ème arrondissement à sous-louer un beau plateau de 420m2 très lumineux au 20ème étage avec ascenseur. Possibilité de mise à disposition du mobilier qualitatif. L'étage bénéficie d’une très belle vue parisienne, et l’immeuble de nombreux services (hôtesses d’accueil, restaurant inter-entreprises..) Possibilité de mise à disposition du mobilier. Accueil, gardien, ascenseur,RIE, faux plafonds, climatisation. Parkings 3 emplacements en sous-sol (1400€/an/U). Disponible de suite. Prestations : Accès PMR;Ascenseur;Baie de brassage;Câblage CAT6;Contrôle …",-1,Inconnu,https://immobilier.lefigaro.fr/annonces/annonce-44015152.html,1
20000.0,1042.0, Paris 18ème (75),"2Y FONCIER CONSEIL, vous propose, à 5min du M12  Marx Dormoy, dans un quartier en plein développement, supermarché alimentaire de 1042 m2, rez-de-chaussée 712 m2 et sous-sol 330 m2 avec façade de 12,50m, ancien Intermarché refait en 2017. Supermarché alimentaire opérationnelle.  Vitrine de 14 mètre.  Situation/Transports : - METRO 12 Marx Dormoy, 5 minutes - METRO 2 La Chapelle, 6 minutes - Bus 35 38 N43   - Type : Local d'activité - Loyer annuel HC HT : 210 000euros  - Charges : 20 000 euros/an - Montant droit d'entrée : 700 000euros - Surfaces :  1042 m² - Disponibilité : Immédiate - Honorai…",-1,Inconnu,https://immobilier.lefigaro.fr/annonces/annonce-40905765.html,0
13216.0,350.0, Paris 10ème (75),"Consult'im vous propose au Métro Strasbourg Saint Denis, dans un très bel immeuble Classé d'Art Déco, à louer une boutique de 350m² en RDC et sous-sol avec un accès indépendant.&nbsp;Les locaux se compose d'un RDC de 123m² et d'un sous-sol en accès direct via Monte-Charge ou escalier de 227 m².
CARACTERISTIQUES DE L'OFFRE&nbsp;:
hauteur de plafond de plus 4 m
PMR-able, ERP-able
Flexibilité d'aménagement
Cablâge informatique
Fibre optique
Chauffage collectif
Monte charge
Cuisine équipée
CONDITIONS PARTICULIERES :&nbsp; Bail &nbsp;: 3-6-9 ans
Disponibilité : Après accord
Activités : Aucune activités de restauration…",-1,Inconnu,https://immobilier.lefigaro.fr/annonces/annonce-47097920.html,1
19720.0,364.0, Paris 10ème (75),"Consult'im vous propose à proximité des Grands Boulevards, dans un sublime immeuble Art Deco, à louer une belle surface de bureaux lumineuse et entièrement rénovée de 364m² au 3ème étage.&nbsp;
Les bureaux sont aménagés en espace ouvert, très belle hauteur sous plafond, parquet en chêne massif, plusieurs accès au lot, deux ascenseurs et un monte charge.&nbsp;
Archives disponibles en sous-sol en sus du loyer.&nbsp;
Bail 3/6/9. Disponible : après accord Prestations : Entrée palière;Ascenseur;Bureaux en open space entièrement refaits à neuf;Contrôle d'accès;Fibre optique;Immeuble de style Art Déco;Lumineux;Parq…",-1,Inconnu,https://immobilier.lefigaro.fr/annonces/annonce-47097758.html,0
9789.0,419.0, Paris 15ème (75),"Au coeur de la célèbre Tour Montparnasse, des bureaux à louer de 419m²&nbsp;
CARACTERISTIQUES DE L'OFFRE :
A toute proximité des transports
Une surface au 7ème étage&nbsp;
En bon état
De nombreuses possibilités d'aménagements : cloisonnés, mixte ou en open-space
Calmes et lumineux
Places de parking en sus
CONDITIONS : Type de bail : Bail dérogatoire de&nbsp;12 à 24 mois
Loyer bureaux : 280€/m²/an HT HC
Charges : 140€/m²/an
Disponibilité : Immédiate
&nbsp; Prestations : Ascenseur;Hôtesse d'accueil;Parking;Monte charge",-1,Inconnu,https://immobilier.lefigaro.fr/annonces/annonce-44661792.html,1
16667.0,228.0, Paris 6ème (75),"Consult'im vous propose en Emplacement PRIME au coeur de Saint Germain des Près, à proximité des enseignes AIGLE, MADISON, BOSS, JOSEPH, RALPH LAUREN, SONIA RYKIEL, CLAUDIE PIERLOT, GERARD DAREL, KARL LAGERFELD, MAUBOUSSIN, POIRAY...
Boulevard Saint Germain, à louer en&nbsp; LOCATION PURE&nbsp; une boutique d'Angle de 228 m² répartie sur plusieurs niveaux.
Double accès, contrôle d'accès, point d'eau, sanitaires,
Toutes activités autorisées sauf nuisances.
Bail : 3-6-9 ans
Disponibilité : Après accord
&nbsp; Prestations : Boutique d'angle;Contrôle d'accès;Sanitaires",-1,Inconnu,https://immobilier.lefigaro.fr/annonces/annonce-46996950.html,0
18750.0,446.0, Paris 11ème (75),"Boutique d'angle située rue Oberkampf entre le Métro Parmentier et Ménilmontant.
195m2 au rdc avec un accès direct au sous-sol de 82m2.
Possibilité de réunir le 1er étage de 169m2 comprenant en plus une terrasse.
Extraction existante, Licence IV, immeuble indépendant.
Ce bien vous est présenté par le cabinet KORN IMMOBILIER COMMERCIAL
 DPE manquant Nos honoraires : https://files.netty.immo/file/lutetia/8241/8VL48/tableau_recapitulatif_des_honoraires1.pdf",-1,Rue Oberkampf,https://immobilier.lefigaro.fr/annonces/annonce-43124825.html,0
6917.0,220.16, Paris 11ème (75),"Location pure d'un commerce de 220m² au sol, dans un programme de qualité dont la livraison est prévue à partir du 1T2024 sur l'avenue Parmentier en plein coeur du 11ème - Local livré Brut de béton - Vitrine de 9ml environ -  La surface se décompose d'une surface de vente en RDC de 88m² ainsi que de 131m² en sous sol directement accessible par le local et totalement utilisable en surface de vente. Pas de restauration chaude possible. Copropriété de 15 lots (Pas de procédure en cours).",-1,Inconnu,https://immobilier.lefigaro.fr/annonces/annonce-45179048.html,1
16700.0,403.0, Paris 3ème (75),"Dans un immeuble bon standing, deux grands plateaux de bureaux type loft en duplex - 265 m2 et 138 m2 reliés par escalier intérieur privatif.

Grande souplesse d'aménagement

Parquet, lumineux, ascenseur, monte-charge, gardienne.

Loyer en cours de détermination.

Visites : Pascal COLIN <button>contactez l’annonceur</button>",-1,Inconnu,https://immobilier.lefigaro.fr/annonces/annonce-41657755.html,0
12500.0,224.0, Paris 8ème (75),"75 008 Paris - Rue de BASSANO

Dans un immeuble grand Standing  5ème et dernier étage

 

MAGNIFIQUE Appartement Meublé en duplex 224m² 6 pièces

 

Triple EXPOSITION - une Galerie d'entrée



Réception et Salle à Manger.

   

cuisine équipée- 3 Chambres - une salle de bains Deux salles d'eau -



Buanderie - 3 Dressing-



Produit exceptionnel.Excellente localisation.



Loyer CC: 12500 €",5,Rue de Bassano,https://immobilier.lefigaro.fr/annonces/annonce-49325526.html,1
19724.0,464.0, Paris 10ème (75),"Consult'im vous propose à proximité de Jacques Bonsergent proche Gare de l'Est et République, dans un immeuble moderne de très bon standing, à louer une surface de bureaux de 464m² au 1er étage, organisée en espace ouvert.
Hôtesse d'accueil, PC sécurité, climatisation, câblage, accès PMR, parking immeuble.&nbsp;
Bail de 3-6-9 ans. Disponible après accord. Prestations : Ascenseur;Câblage informatique;Hôtesse d'accueil;Open space;Parking;Sanitaires;PC sécurité",-1,Inconnu,https://immobilier.lefigaro.fr/annonces/annonce-43839572.html,0
11500.0,290.0, Paris 16ème (75),"OCDE. Au premier étage, dans un bel immeuble Art Deco gardienné, très bel appartement familial de 8 pièces, d’une superficie de 290m2, entièrement rénové par un architecte.



Il est composé d’une large galerie d’entrée, d’un salon/ salle à manger de plus de 70m2, d’une cuisine dinatoire entièrement aménagée et équipée de 30m2, de 5 chambres dont une master bedroom, de 2 salles de bains, 3 salle d'eau, ainsi que des toilettes séparées. Climatisation réversible, matériaux haut de gamme. 

Une cave et un box fermé complètent cette offre rare sur le marché.



Uniquement bail Code Civil (bail au …",6,Inconnu,https://immobilier.lefigaro.fr/annonces/annonce-44899534.html,1
11706.0,270.0, Paris 8ème (75),"Au coeur du QCA, dans un bel immeuble haussmannien de standing, à louer bureaux avec de très beaux volumes d'environ 270m² situés au 2ème étage avec ascenseur.
CARACTERISTIQUES DE L'OFFRE
A toute proximité du métro Miromenil
Surface d'environ 270m²
Accueil
3 beaux bureaux sur rue
4/5 bureaux sur cour
Salle de réunion
Local technique
Cuisine
Bloc sanitaires
Belle hauteur sous plafond
Cablage informatique
Fibre
Parquet, moulures et cheminées dans certains bureaux
2 entrées
CONDITIONS&nbsp; Type de bail : Bail commercial 3/6/9 ans Loyer bureaux &nbsp;: 520 €/m²/an HT HC
Disponibilité immédiate Prestations …",-1,Rue 4,https://immobilier.lefigaro.fr/annonces/annonce-46996928.html,1
29359.0,1036.0, Paris 19ème (75),"Consult'im vous propose entre les Métro Ourcq et Crimée des bureaux au 5ème étage de 1 036 m² non divisible. Surface rationnelle et lumineuse, réflexion en cours pour la rénovation du hall. Accès PMR, Restauration Bon Bocal, espace conciergerie connectée, gestionnaire technique sur site, Terrasse privative accessible. 125 places de parking en sous-sol.
CARACTERISTIQUES DE L'OFFRE &nbsp;:
Rationnelle et lumineuse
Climatisation réversible
PMR
Pc sécurité
Terasse privative
125 emplacements parkings au sous-sol
CONDITIONS &nbsp;:&nbsp; Type de bail &nbsp;: Bail 3-6-9 ans
Disponibilité &nbsp;: Après accord Prestations : Ac…",-1,Inconnu,https://immobilier.lefigaro.fr/annonces/annonce-47097862.html,2
6998.0,236.0, Paris 16ème (75),"RUE DECAMPS, appartement de 7 pièces situé au 2ème étage, composé d'une entrée, double séjour, cuisine, salle à manger, 4 chambres dont une avec salle de bains,  salle d'eau, salle de bains et de 3 WC séparés.  Chauffage collectif. Deux caves complètent ce bien.  Zone soumise à l'encadrement des loyers:  - loyer de base : 6418€ HC  - loyer de référence majoré : 6891€  (Si bail code civil, conditions exclues des champs d'application de la loi du 6 juillet 1989).",7,Rue Decamps,https://immobilier.lefigaro.fr/annonces/annonce-48710068.html,1
8332.0,215.0, Paris 7ème (75),"A proximité immédiate du métro Ecole Militaire, avec vue sur la Tour Eiffel, dans un immeuble bien entretenu, à louer une surface lumineuse et traversante sur 2 étages.
CARACTERISTIQUES DE L'OFFRE :
Métro Ecole Militaire
Bureau refait à neuf, traversant et très lumineux
Composé de deux open spaces et 2 sanitaires au 2ème étage et deux open spaces et 2 sanitaires au 3ème étage.
surface d'environ 215 m²
Double entrée palière sur chaque étage.
2ème et 3ème étages sans ascenseur
CONDITIONS :
Type de bail: Bail 3/6/9 ans
Loyer bureaux: 465 €/m²/an HT HC
Disponibilité: Immédiate Prestations : cablag…",-1,Inconnu,https://immobilier.lefigaro.fr/annonces/annonce-47341454.html,1
25000.0,380.0, Paris 16ème (75),"HOTEL PARTICULIER A RESTAURER 
Catherine PIGUET vous propose idéalement situé un hôtel particulier de 8pièces édifié sur R+3+ sous sol avec un magnifique jardin au calme absolu, l’ensemble est entièrement à restaurer contre franchises de loyers 
Honoraire locataire en cas de baux du 6 juillet 1989 de 12€/m² soit 4&nbsp;560€
Votre Contact&nbsp;: <button>contactez l’annonceur</button>

PRIVATE HOTEL TO BE RESTORED 
Catherine PIGUET propose you ideally located a 8-room private mansion of built on R+3+ basement with a beautiful garden in absolute calm, the whole is entirely to restore with rent franchises 
Tenant fee in case of le…",8,Inconnu,https://immobilier.lefigaro.fr/annonces/annonce-49124696.html,2
15900.0,464.0, Paris 3ème (75),"En plein cœur du Marais, nous vous proposons un local commercial de 464 m² (232 m² en RDC et 232 m² en sous-sol) répondant aux normes PMR et ERP (pour le RDC).

Situé entre la place des Vosges, la rue de Turenne et le boulevard Beaumarchais, ce local dispose d'un emplacement de choix dans un quartier en perpétuelle effervescence.

Pas de droit au bail - Loyer pur - Pas de supermarché

Informations et visites auprès de Vincent ALLOUCH <button>contactez l’annonceur</button>",-1,Rue de Turenne,https://immobilier.lefigaro.fr/annonces/annonce-49268750.html,0
18000.0,370.0, Paris 16ème (75),"AVENUE HENRI-MARTIN Dans un très bel immeuble Haussmannien un appartement  de réception avec une belle hauteur sous plafond 4,20  M. MEUBLE situé au 2ème ÉTAGE avec ASC comprenant : une galerie d’entrée, un double living, une salle à manger séparée, une grande cuisine dînatoire, un bureau, quatre chambres avec salle d’eau ainsi qu’une master Bed-Room avec dressing et salle de bains  complète avec WC.
Chauffage ind. Parquet au sol dans les pièces de réception et moquette dans les chambres.
Gardien . ASC. A proximité immédiate tous transports, commerces et lycées.",9,Inconnu,https://immobilier.lefigaro.fr/annonces/annonce-39681993.html,0
8103.0,205.0, Paris 9ème (75),"Au pied de Notre Dame de Lorette, au coeur du QCA, au sein d'un immeuble ancien bien entretenu, à louer bureaux clairs de 205 m² au 1er étage avec ascenseur
CARACTERISTIQUES DE L'OFFRE :
A toute proximité de Notre Dame de Lorette et Le Peletier
Entrée/accueil
4 bureaux sur rue
3 bureaux sur cour
2 open sapces
Salle de réunion
Local technique
Sanitaires avec lave-mains
Moulures et cheminées
Verrière
Contrôle d'accès
Surface lumineuse
Chauffage ind. électrique
Fibre
Une cave complète ce bien
CONDITIONS :&nbsp; Type de bail : Bail dérogatoire
Loyer : 474 €/m²/an HT HC
Disponibilité : Après accord Pres…",-1,Rue 3,https://immobilier.lefigaro.fr/annonces/annonce-47389060.html,1
5275.0,211.0, Paris 18ème (75),"Retour à la location! Entre les métros porte de Clignancourt et porte de la Chapelle, dans un quartier en plein développement, Consult'Im vous propose à la location une boutique de 211 m² en RDC de plein pied: CARACTERISTQUES DE L'OFFRE&nbsp;: LOCATION PURE (sans pas de porte ni cession)
Surface : 211m² RDC de plain pied
Livrée brut de béton
Pied d'immeuble neuf
Accès PMR
EN BONUS&nbsp;:
Linéaire de vitrine de plus de 30m
Extraction possible
Belle hauteur sous plafond
Bail 3/6/9 ans&nbsp; - disponible de suite.&nbsp;
Uniquement activité alimentaire, médicale ou d'utilité publique.
&nbsp; Prestations : Accès indépendan…",-1,Inconnu,https://immobilier.lefigaro.fr/annonces/annonce-39781147.html,1
10002.0,239.0, Paris 9ème (75),"Entre Madeleine et les Grands Magasins, au sein d'un immeuble de standing récemment ravalé, à louer bureaux de 239 m² au 1er étage avec ascenseur, se composant d'une entrée/accueil desservant trois bureaux sur rue, 3 bureaux et un open space sur cour, un open-space, sanitaires avec lave mains. Moulures, cheminées. Chauffage ind.gaz. Gardienne. Bail neuf 3/6/9. Prestations : Ascenseur;Contrôle d'accès;Parties communes de bon standing;Gardien",-1,Rue 3,https://immobilier.lefigaro.fr/annonces/annonce-46223448.html,1
13779.0,590.0, Paris 15ème (75),"Tour Montparnasse, à louer au 19ème étage une surface de bureaux climatisée 590m² avec vue paranomique sur Paris&nbsp; CARACTERISTIQUES DE L'OFFRE :&nbsp;
Configuration mixte:&nbsp;bureaux, d'open space, et de salles de réunion
Cloisonnement de très bonne qualité&nbsp;
Climatisation réversible&nbsp;
Ascenseur et monte-charge&nbsp;
Hôtesse d'acceuil 24/24 et PC de sécurité
Fibre optique&nbsp;
Parking intérieur&nbsp;
CONDITIONS FINANCIERES :&nbsp;
Bail: dérogatoire de 12 à 24 mois
Disponibilité : immédiate&nbsp;&nbsp;
&nbsp; Prestations : Ascenseur;Hôtesse d'accueil;Parking;Monte charge",-1,Inconnu,https://immobilier.lefigaro.fr/annonces/annonce-44258050.html,0
26444.0,675.0, Paris 11ème (75),"Métro République, dans un immeuble ancien avec une structure Eiffel, à louer une surface de 675m² au 2ème étage.
CARACTERISTIQUES DE L'OFFRE &nbsp;:
Open space et bureaux cloisonnées.
Facilité d’aménagement.
Belle Hauteur sous plafond
CONDITIONS &nbsp;:
Type de bail: Bail 3/6/9 ans
Loyer bureaux: 470€/m²/an HT HC
Disponibilité: Immédiatement
&nbsp; Prestations : Ascenseur;Bureaux cloisonnés;Chauffage collectif;Contrôle d'accès;Fibre",-1,Inconnu,https://immobilier.lefigaro.fr/annonces/annonce-43765300.html,2
11027.0,245.0, Paris 2ème (75),"Consult'im vous propose à toute proximité des métros Richelieu Drouot et Grands Boulevards dans un immeuble haussmannien, une surface de 245 m² en duplex.
CARACTERISTIQUES DE L'OFFRE :
Une entrée, open-space et bureaux individuels
Lumineux
Espace kitchenette
Moulures&nbsp;
Une salle d'eau et toilettes séparées
Parties communes de bon standing et rénovée récemment&nbsp;&nbsp;
Chauffage central
Gardien
CONDITIONS &nbsp;: &nbsp; Bail&nbsp; : 3-6-9 ans Disponiblités :&nbsp; Après accord Prestations : Gardien;Lumineux;cablage informatique;Parking;Open space;Belle hauteur sous plafond",-1,Inconnu,https://immobilier.lefigaro.fr/annonces/annonce-49384132.html,1
17500.0,300.0, Paris 10ème (75),"75010 QUARTIER BONNE NOUVELLE LOCATION BUREAUX 300 M². Situé à proximité des commerces, gares SNCF, des Grands Boulevards et du métro Bonne Nouvelle, en plein 10ème arrondissement, Laurent THIERY vous propose la location cet espace de bureaux, dans un immeuble indépendant de bureaux entièrement réhabilité et équipé, d'une surface de 300 m². Bail  3/6/9. Loyer : 17.500 EUROS HT/MOIS HC. Honoraires de location : 30% du loyer annuel HT. Visite et renseignements : Laurent <button>contactez l’annonceur</button>, spécialisé en cession de fonds de commerce, murs commerciaux et agissant pour la sas propriétés-privées.com, pa…",-1,Inconnu,https://immobilier.lefigaro.fr/annonces/annonce-49430240.html,0
16109.0,233.0, Paris 18ème (75),"Tout en haut de la butte Montmartre, sur circuit touristique dense, à louer local commercial avec cachet d'une surface de 233m² composé d'un espace de vente de 81m² avec poutre apparentes : CARACTERISTQUES DE L'OFFRE&nbsp;:
Surface de vente de 82m² en RDC
Large sous sol de 151m²
Cave voutée de 10m²
Possibilité de restauration froide.
EN BONUS&nbsp;:
Bonne visibilité
Beaucoup de flux
Bail 3/6/9 ans&nbsp;avec pas de porte de 500 000 € lissable sur 3 ans
Disponible de suite.&nbsp;
&nbsp; Prestations : Poutres apparentes;Vitrine",-1,Inconnu,https://immobilier.lefigaro.fr/annonces/annonce-47097822.html,0
27290.0,963.0, Paris 19ème (75),"Consult'im vous propose entre les Métro Ourcq et Crimée des bureaux au 5ème étage de 963 m² non divisible. Surface rationnelle et lumineuse, réflexion en cours pour la rénovation du hall. Accès PMR, Restauration Bon Bocal, espace conciergerie connectée, gestionnaire technique sur site, Terrasse privative accessible. 125 places de parking en sous-sol.
CARACTERISTIQUES DE L'OFFRE &nbsp;:
Rationnelle et lumineuse
Climatisation réversible
PMR
Pc sécurité
Terasse privative
125 emplacements parkings au sous-sol
CONDITIONS &nbsp;:&nbsp; Type de bail &nbsp;: Bail 3-6-9 ans
Disponibilité &nbsp;: Après accord Prestations : Accè…",-1,Inconnu,https://immobilier.lefigaro.fr/annonces/annonce-46996914.html,2
25003.0,216.0, Paris 2ème (75),"OFFRE PRIME - Entre&nbsp; la Place de l'Opéra et la Place Vendôme,&nbsp;à louer une boutique d'une surface de&nbsp;216 m² sur 3 niveaux
CARACTERISTIQUES DE L'OFFRE&nbsp;
Au RDC (125&nbsp;m²) :
- Belle&nbsp;surface de vente
- 3 cabines d'essayage
- 1 sanitaire avec lave-mains
- Arrière boutique se composant d'une cuisine et d'un local technique.&nbsp;
Au 1er étage (37 m²)&nbsp; accessible directement via un escalier intérieur
- Une surface de vente.&nbsp;
Au sous-sol&nbsp; (54&nbsp;m²) :
- 3 pièces saines à usage de stockage,
- 1 bureau
- 1 salle d'eau avec douche
- 1&nbsp;sanitaire avec lave-mains.&nbsp;
LES ATOUTS DE L'OFFRE&nbsp;
Adresse prestigieuse&nbsp;
Linéaire…",-1,Inconnu,https://immobilier.lefigaro.fr/annonces/annonce-47097724.html,2
17750.0,306.0, Paris 4ème (75),"Au coeur du Marais à proximité immédiate de la place des Vosges, un grand loft commercial de 306 m2 au 2ème étage par ascenseur.

Clair et lumineux.

Travaux à prévoir contre franchise de loyer 

Conditions nous consulter au <button>contactez l’annonceur</button>",-1,Inconnu,https://immobilier.lefigaro.fr/annonces/annonce-44200530.html,0
10992.0,347.0, Paris 16ème (75),"A louer, locaux lumineux de 347 m² situés au 1er étage avec ascenseur d'un bel immeuble Pierre de Taille de très bon standing, se composant d'une entrée/accueil déservant 5 pièces sur rue (dont une grande), 4 pièces sur cour, une cuisine, 4 salles de bain et un local technique.&nbsp;
Très belle hauteur sous plafond (3m40), parquet point de Hongrie, moulures et cheminées.&nbsp;
Bail code civil - disponible au 1er septembre 2022.&nbsp; Prestations : Belle hauteur sous plafond;Cuisine;Espace d'accueil ;Espace déjeunatoire;Moulures, cheminées;Parquet point de Hongrie;Salle de bain",-1,Rue Dont,https://immobilier.lefigaro.fr/annonces/annonce-41471185.html,1
29173.0,1220.0, Paris 11ème (75),"Métro République, dans un immeuble ancien avec une structure Eiffel, à louer une surface commerciale de 1220m² en triplex.
CARACTERISTIQUES DE L'OFFRE &nbsp;:
Triplex sous-sol, rdc et 1 er &nbsp;étage.
Environ 450m² à chaque niveau
Livrée en espace ouvert.
Facilité d’aménagement.
Belle Hauteur sous plafond
CONDITIONS &nbsp;:
Type de bail: Bail 3/6/9 ans
Loyer bureaux: 287€/m²/an HT HC
Disponibilité: Immédiatement
&nbsp; Prestations : Ascenseur;Bureaux cloisonnés;Chauffage collectif;Contrôle d'accès;Fibre",-1,Inconnu,https://immobilier.lefigaro.fr/annonces/annonce-47097914.html,2
10500.0,206.59, Paris 16ème (75),"PARIS XVIo - AVENUE FOCH
 Bail code civil uniquement.
 Hempton Paris Trocadéro vous propose à la location, une prestigieuse adresse parisienne privilégiée, un superbe 5 pièces meublé au 4o étage d'un immeuble haussmannien sur l'Avenue Foch. Sécurisé par digicode et gardien, il profite d'une vue sur l'Arc de Triomphe et Tour Eiffel.
 L'entrée, spacieuse, dessert le large salon avec sa cheminée et la salle à manger avec sa grande cuisine américaine aménagée et équipée. Les baies vitrées, donnant sur un balcon filant, offrent une très belle luminosité à l'ensemble des pièces communes.
 Chacune de…",5,Inconnu,https://immobilier.lefigaro.fr/annonces/annonce-47993658.html,1
5501.0,215.0, Paris 10ème (75),"CARACTERISTIQUES DE L'OFFRE :
Gare de l'Est et mairie du 10ème
Plateau entièrement rénové
Surface d'environ 215m²
Une surface de bureaux au calme sur jolie cour pavée, composée de 2 beaux open space avec un bureau au RDC le tout réparti sur 125m², puis un large sous sol vouté avec pierres apparentes de 90m².&nbsp;
Surface flexible - Recloisonnable&nbsp;
Climatisation réversibles,&nbsp;coin cuisine, sanitaires, double vitrage, goulotte périphérique, porte blindée.
CONDITIONS : Type de bail : Bail commercial 3/6/9 ans Loyer bureaux : 307€/m²/an HT HC
Disponibilité : Après accord
&nbsp; Prestations : Bureaux cloison…",-1,Inconnu,https://immobilier.lefigaro.fr/annonces/annonce-44887102.html,1
18000.0,311.0, Paris 16ème (75),"Au sein de la Villa Montmorency, au calme d'une de ses allées  privées, élégant hôtel particulier de 311m² avec un jardin de 143m² et une terrasse de 36m². Il comporte une galerie d'entrée, une double réception traversante est/ouest ouvrant sur le jardin, une charmante cuisine dinatoire d'angle également sur le jardin et des toilettes invités. Le premier niveau offre trois chambres et une salle de bains. Le dernier étage est exclusivement réservé à la suite parentale: chambre 'atelier', dressing, salle de bains, bureau et terrasse de 36m². À l'entresol: une salle de cinéma, une chambre et sa s…",5,Inconnu,https://immobilier.lefigaro.fr/annonces/annonce-48283052.html,0
9991.0,251.0, Paris 8ème (75),"BAIL COMMERCIAL 3/6/9

Dans un très bel immeuble de standing récemment ravalé à toute proximité de la place de la Madeleine, une surface de bureaux de 251 m² au 2ème étage. Il se compose d'un hall de réception, une très vaste salle de réunion, 8 autres bureaux, un local d'archives, une espace cuisine et deux sanitaires (homme/ femme). 

Libre de suite

Loyer annuel : 112 500 euros HT HC 

Provisions sur charges annuelles : 8 400 euros HT 

Dépôt de garantie : 28 125 euros

Honoraires HT : 33 750 euros

Impôt foncier et taxe sur les bureaux à charge du Preneur 

Taxe sur les bureau…",10,Inconnu,https://immobilier.lefigaro.fr/annonces/annonce-49630400.html,1
16600.0,270.0, Paris 6ème (75),"Emplacement N°1 LOYER PUR

ST MICHEL

Forte attractivité commerciale et résidentielle.

270 m2

RDC: 95 m2

1 : 82 m2

-1 : 80 m2

Local commercial toutes activités / pas d'extraction

Linéaire 20 mètres

Charges 210 eu / mois

Nous consulter pour plus d' informations

adelmassy@gmail.com",-1,Inconnu,https://immobilier.lefigaro.fr/annonces/annonce-45547056.html,0
8130.0,257.0, Paris 16ème (75),"A proximité du métro Rue de la Pompe, au RDC d'un bel immeuble haussmannien avec des parties communes de standing, à louer un local de 257m² avec parquet, moulures, cheminées CARACTÉRISTIQUES DE L’OFFRE
Entrée/accueil
3&nbsp; pièces sur rue
3 pièces sur cour privatisée
2 salles de bain
Cuisine
Débarras&nbsp;
Très belle hauteur sous plafond
Parquet point de Hongrie, moulures, cheminées&nbsp;
Parties communes de très bon standing
Contrôle d'accès
&nbsp;
CONDITIONS FINANCIÈRES
BAIL CODE CIVIL
Disponible le 01/01/2023 Prestations : Gardien;Belle hauteur sous plafond;Cour;Cuisine;Parquet, moulures, cheminées",-1,Rue de la Pompe,https://immobilier.lefigaro.fr/annonces/annonce-47310104.html,1
23076.0,426.0, Paris 10ème (75),"Métro Bonne Nouvelle, à louer un immeuble indépendant sur cour d'une surface totale de 426m² câblée et climatisée en parfait état&nbsp; CARACTERISTIQUES DE L'OFFRE&nbsp;
Surface&nbsp; : 426 m²&nbsp;
Belle verrière centrale&nbsp;
Mix open-spaces / bureaux cloisonnés (cloisons vitrées amovibles)
Espace kitchennette
Blocs sanitaires&nbsp;
Câblage informatique
Climatisation réversible
Beau volumes
Luminosité&nbsp;
Contrôle d'accès
CONDITIONS FINANCIERES&nbsp;
Bail : 3/6/9 ans&nbsp;
Disponible 2 mois après accord Prestations : Accès sécurisé;Câblage informatique;Climatisation réversible;Contrôle d'accès;Cuisine;Espace Ouvert;Verrière;Salle de…",-1,Inconnu,https://immobilier.lefigaro.fr/annonces/annonce-46316236.html,2
16112.0,690.0, Paris 15ème (75),"Au coeur de la célèbre Tour Montparnasse, donnant sur la rue de l'Arrivée, des bureaux à louer de 690m² en très bon état
CARACTERISTIQUES DE L'OFFRE :
A toute proximité des transports
Une surface au 26ème étage&nbsp;
En excellent état
Un mixte de bureaux et de salles de réunion ainsi qu'un accueil
Calmes et lumineux
Places de parking en sus
CONDITIONS : Type de bail : Bail dérogatoire de&nbsp;12 à 24 mois
Loyer bureaux : 280€/m²/an HT HC
Charges : 140€/m²/an
Disponibilité : Immédiate Prestations : accueil;Ascenseur;Câblage informatique;Climatisation;RIE;Porte blindée",-1,Rue de l Arrivée,https://immobilier.lefigaro.fr/annonces/annonce-45476032.html,0
9354.0,267.0, Paris 16ème (75),"A toute proximité de la Maison de la Radio, métro Ranelagh, dans un immeuble de bon standing, à louer bureaux climatisés et traversants de 267m² au 4ème étage avec ascenseur se composant de plusieurs bureaux décloisonnables (dont 4 grands), bloc sanitaires H/F. Cloisons amovibles. Très lumineux, plateau traversant.
Les charges comprennent les coûts de fonctionnement de l'immeuble, impots, taxes et assurance immeuble.
Grande salle de réunion mise à disposition.&nbsp; Bail 3/6/9. Disponible de suite Prestations : Ascenseur;Bureaux cloisonnés;Gardien;Parking;Salle de réunion",-1,Inconnu,https://immobilier.lefigaro.fr/annonces/annonce-44258038.html,1
20192.0,475.0, Paris 10ème (75),"Consult'im vous propose à proximité de Jacques Bonsergent proche Gare de l'Est et République, dans un immeuble moderne de très bon standing, à louer une surface de bureaux de 475 m² au 2ème étage, organisée en espace ouvert.
Hôtesse d'accueil, PC sécurité, climatisation, câblage, accès PMR, parking immeuble.&nbsp;aces de parking en sous-sol.
CARACTERISTIQUES DE L'OFFRE &nbsp;:
Rationnelle et lumineuse
Accès PMR
Cablâge
Climatisation réversible
PMR
Pc sécurité
emplacements parkings au sous-sol
CONDITIONS &nbsp;:&nbsp; Type de bail &nbsp;: Bail 3-6-9 ans
Disponibilité &nbsp;: Après accord Prestations : Ascenseur;Câblage info…",-1,Inconnu,https://immobilier.lefigaro.fr/annonces/annonce-43839574.html,0
25000.0,480.0, Paris 9ème (75),"Local Commercial à louer avec une belle surface de vente, bureaux et réserves.



Ce bien vous est présenté par le cabinet KORN IMMOBILIER COMMERCIAL
 DPE manquant Ce bien vous est proposé par un agent commercial. Nos honoraires : https://files.netty.immo/file/lutetia/8241/8VL48/tableau_recapitulatif_des_honoraires1.pdf 

Votre conseiller KORN IMMOBILIER COMMERCIAL : David MANFREDI - Tél. <button>contactez l’annonceur</button> 
 Agent commercial (Entreprise individuelle)",-1,Inconnu,https://immobilier.lefigaro.fr/annonces/annonce-39923065.html,2
22509.0,540.0, Paris 12ème (75),"A toute proximité de la gare de Lyon, dans un immeuble IGH des années 1970, à louer au 8ème étage une surface de 540m²
CARACTERISTIQUES DE L'OFFRE : 
Climatisation double flux 
Hall d'accueil rénové et hôtesse d'accueil 
Gardien et PC sécurité 24/24
5 salles de réunions mutualisées au RDC 
Restaurant inter-entreprise 
Fibre optique 
Parking 15 emplacements
CONDITIONS : 
Bail : 3/6/9 ans 
Loyer : 500€/m²/an HT HC 
Disponibilité : immédiate  Prestations : Accès sécurisé;Fibre optique;Hall d'accueil;Hôtesse d'accueil;Climatisation double flux",-1,Inconnu,https://immobilier.lefigaro.fr/annonces/annonce-49585774.html,2
25002.0,783.0, Paris 8ème (75),"A toute proximité de la Gare Saint Lazare, dans un immeuble de haut standing, à louer une boutique de 783 m².
CARACTERISTIQUES DE L'OFFRE :
&nbsp; - Surface totale : 783m²&nbsp;
-&nbsp;Surface RDC : 383m²&nbsp;
- Surface sous-sol : 384m2 - Entresol: &nbsp;16m²&nbsp; &nbsp; CONDITIONS :
&nbsp; - Type de bail : Bail commercial 3/6/9 ans - Loyer : 300 000 € /an HT HC
- Disponibilité : Immédiate
&nbsp; Tous commerces sauf restauration",-1,Inconnu,https://immobilier.lefigaro.fr/annonces/annonce-47232712.html,2
11042.0,250.0, Paris 8ème (75),"Métro Saint Philippe du Roule, dans un immeuble de standing, à louer au 1er étage avec ascenseur, une surface de bureaux rénovée et climatisée de 250 m² avec parquet, moulures et cheminées. CARACTERISTIQUES DE L'OFFRE&nbsp;
Entrée accueil
Mix open space / bureaux&nbsp;
Bloc sanitaires
Cuisine
Belle hauteur sous plafond de 3,5 mètres
Climatisation réversible
Ascenseur
Gardien
CONDITIONS FINANCIERES&nbsp; Bail : &nbsp;3/6/9 ans
Loyer : &nbsp;530 €/m²/an HT HC&nbsp;
Disponibilité : Début Novembre 2022&nbsp; Prestations : Ascenseur;Belle hauteur sous plafond;Climatisation réversible;Gardien;Parquet, moulures, cheminées",-1,Inconnu,https://immobilier.lefigaro.fr/annonces/annonce-49334768.html,1
7106.0,304.0, Paris 15ème (75),"Au coeur de la célèbre Tour Montparnasse, des bureaux à louer de 304m²&nbsp;
CARACTERISTIQUES DE L'OFFRE :
A toute proximité des transports
Une surface au 6ème étage&nbsp;
De nombreuses possibilités d'aménagements : cloisonnés, mixte ou en open-space
Calmes et lumineux
Places de parking en sus
CONDITIONS : Type de bail : Bail dérogatoire de&nbsp;12 à 24 mois
Loyer bureaux : 280€/m²/an HT HC
Charges : 140€/m²/an
Disponibilité : Immédiate
&nbsp; Prestations : Ascenseur;Hall d'accueil;RIE",-1,Inconnu,https://immobilier.lefigaro.fr/annonces/annonce-44258052.html,1
4292.0,261.0, Paris 16ème (75),"Entrepôt atypique à louer réparti sur 3 niveaux:
- Au RDC, une entrée privative sur rue de 14m²
- Au 1er sous sol (escalier intérieur) une pièce ouverte de 67m² .
- Au 2em sous-sol (escalier intérieur) une pièce ouverte de 180m². Belle hauteur sous plafond.
Livré brut de béton. Peu de contraintes porteuses, grande facilité d'aménagement.
Idéal pour stockage, atelier, locaux d'activité, photographe... Disponible de suite.",-1,Rue de 14m²,https://immobilier.lefigaro.fr/annonces/annonce-47160052.html,1
8335.0,281.0, Paris 15ème (75),"Métro Montparnasse, dans un immeuble récent, à louer une surface de 281m² en RDC (250m² pondérés), aménagée en open-space avec un espace kitchenette et une réserve.
Chauffage individuel électrique - Sol béton ciré - Vitrine.
Idéal show-room, danse, yoga, galerie, architectes, stockage...
Bail : 3/6/9/10 ans. Disponible immédiatement. Prestations : Accès PMR;Câblage informatique;Chauffage individuel électrique;Espace Ouvert",-1,Inconnu,https://immobilier.lefigaro.fr/annonces/annonce-45213612.html,1
6923.0,230.0, Paris 1er (75),"Place VENDÔME,A LOUER VIDE - SUPERBE  DUPLEX  DE 230 M2 

Dans un bel immeuble haussmannien, sécurisé par interphone, digicode . Cet appartement se compose d'une grande entrée, un grand séjour, une 

Cuisine aménagée et équipée une buanderie d'une  chambre à l’étage avec salle de douche + toilettes

Deux autres chambres avec une salle de bain avec baignoire et douche + toilettes

et des Toilettes séparés 

Cet appartement de prestige, situé place Vendôme, se trouve dans un des quartiers les recherché de Paris.         complète ce bien d'exception. 



Loyer HC: 6 343€ ; Provisions sur charges:…",4,Inconnu,https://immobilier.lefigaro.fr/annonces/annonce-39231075.html,1
21357.0,351.0, Paris 8ème (75),"A proximité immédiate du métro Charles de Gaulle Etoie, dans un immeuble de bureaux de standing, à louer des bureaux lumineux avec parquet, moulures et cheminées.
CARACTERISTIQUES DE L'OFFRE :
Proche des transports
Plateau entièrement rénové
Surface de 351m²
Les locaux se composent d'un mix open-spaces et de bureaux cloisonnés avec balcon, salles de réunion, un espace cuisine et des sanitaires.
Au 1er étage avec ascenseur
Archives en sus
Climatisation réversibles
Contrôle d'accès, hôtesse d'accueil, fibre &amp; chauffage CPCU.
Des places de parking disponibles
CONDITIONS : Type de bail : Bail comm…",-1,Inconnu,https://immobilier.lefigaro.fr/annonces/annonce-43453208.html,0
17501.0,600.0, Paris 18ème (75),"Métros Jules Joffrin et Lamarck-Caulaincourt, bureaux type loft industriel de 600 m² en duplex avec terrasse privative à louer. CARACTERISTIQUES DE L'OFFRE :
Espace accueil
3 grands open-spaces (possibilité de cloisonnement)
bureaux cloisonnés
2 salles de réunion
Cuisine
Balcon et terrasse privative
Surface câblée
Double fibre
Sanitaires et douche
Produit facilement aménageable à découvrir.
CONDITIONS FINANCIERES :&nbsp;
Bail 3/6/9 ans
Loyer : 210 000€/an HT HC
Disponibilité : Fin 2022 Prestations : Accès PMR;Baie de brassage;Câblage informatique;Cuisine;Terrasses privatives",-1,Inconnu,https://immobilier.lefigaro.fr/annonces/annonce-46116036.html,0
10000.0,232.0, Paris 14ème (75),"Boulevard Brune, Consult'im vous propose un local de 232 m² de plain pied éclairée par 20m de linéaire de vitrine.&nbsp;
Toute activité sauf restauration avec extraction. Cession 70 000€. Disponible de suite.&nbsp; Prestations : Rideau de fer;Vitrine",-1,Inconnu,https://immobilier.lefigaro.fr/annonces/annonce-45419954.html,1
13779.0,590.0, Paris 15ème (75),"Au coeur de la célèbre Tour Montparnasse, des bureaux à louer de 590m² en très bon état
CARACTERISTIQUES DE L'OFFRE :
A toute proximité des transports
Une surface au 26ème étage&nbsp;
En excellent état
7 grand bureaux, 4 petits bureaux et un accueil
Calmes et lumineux
Places de parking en sus
CONDITIONS : Type de bail : Bail dérogatoire de&nbsp;12 à 24 mois
Loyer bureaux : 280€/m²/an HT HC
Charges : 140€/m²/an
Disponibilité : Immédiate Prestations : accueil;Ascenseur;Câblage informatique;Climatisation;RIE;Porte blindée",-1,Inconnu,https://immobilier.lefigaro.fr/annonces/annonce-45476034.html,0
15720.0,252.4, Paris 6ème (75),"75006 PARIS - Quartier La Monnaie A LOUER : LOCAL COMMERCIAL - SHOWROOM - BUREAUX - AVEC COMMERCIALITE Idéalement situé à proximité immédiate de la rue Dauphine, des Quais et du Pont-Neuf, nous vous proposons ce local commercial d'une superficie de 288m² composé comme suit ; un grand bureau indépendant sur cours et sur rue de 17m², au RDC une grande zone de bureaux modulable de 193m² avec très grande hauteur sous plafond, un espace cuisine et sanitaires. Au 1er étage, 31.45m² de bureaux, et au 2ème étage bureaux sur 39m². Bel immeuble XVIIème - Beaucoup de charme - Excellent état - Climatisati…",12,Rue Dauphine,https://immobilier.lefigaro.fr/annonces/annonce-46094134.html,0
15602.0,312.0, Paris 1er (75),"Entre Chatelet les Halles et Louvre Rivoli, dans un immeuble standing. Surface lumineuse, avec très peu de contraintes porteuses
CARACTERISTIQUES DE L'OFFRE :
Métro Chatelet les halles
Bureaux en très bon état, climatisés, lumineux, avec nombreux rangements. Livrés en excellent état.
bureaux cloisonnés dont 1 magnifique bureau d'angle, ainsi qu'une cuisine et sanitaires.
surface d'environ 312 m²
1er étage avec ascenseur
CONDITIONS :
Type de bail: Bail 3/6/9 ans
Loyer bureaux: 600 €/m²/an HT HC
Disponibilité: été 2023 Prestations : Cave;Climatisation réversible;Cuisine;Digicode;Gardien;Interpho…",-1,Inconnu,https://immobilier.lefigaro.fr/annonces/annonce-41980501.html,0
5000.0,220.0, Paris 17ème (75),"Paris 17 (75), appartement de 220 m2 à louer non meublé. Libre le 01/12/22, il se compose de 8 pièces avec 6 chambres. Proposé par un particulier pour un loyer mensuel de 5.000  euros.",8,Inconnu,https://immobilier.lefigaro.fr/annonces/annonce-46725800.html,1
20838.0,424.0, Paris 4ème (75),"LIVRE RENOVE
&nbsp;
A toute proximité de l'Hotel de Ville, dans un immeuble ancien bien entretenu, à louer bureaux de 424 m² environ sur 3 niveaux se composant :
- Au RDC (194 m²) un grand open space, 2 bureaux, bloc sanitaires et local deux roues
- Au 1er étage (156 m²) un grand open space, 3 bureaux, bloc sanitaires
- Au sous-sol (73 m²) 2 salles de réunion, une salle d'archives et cuisine
Le tout relié par un escalier intérieur. CARACTERISTIQUES DE L'OFFRE :
Au pied du métro Hotel de Ville
Belle hauteur sous plafond
Climatisation réversible
Surface flexible
Disponible après accord Prestations : …",-1,Inconnu,https://immobilier.lefigaro.fr/annonces/annonce-47992314.html,0
22958.0,586.0, Paris 11ème (75),"Métro République, dans un immeuble ancien avec une structure Eiffel, à louer une surface de 586m² au 2ème étage.
CARACTERISTIQUES DE L'OFFRE &nbsp;:
Open space et bureaux cloisonnées.
Facilité d’aménagement.
Belle Hauteur sous plafond
CONDITIONS &nbsp;:
Type de bail: Bail 3/6/9 ans
Loyer bureaux: 470€/m²/an HT HC
Disponibilité: Immédiatement
&nbsp; Prestations : Ascenseur;Bureaux cloisonnés;Chauffage collectif;Contrôle d'accès;Fibre",-1,Inconnu,https://immobilier.lefigaro.fr/annonces/annonce-47097756.html,2
29500.0,263.0, Paris 2ème (75),"Paris -2e. Engel &amp; Völkers vous propose d'entrer dans un lieu magique et insolite, un magnifique loft meublé de 263 m² (220 m² Carrez) , 3 chambres sur 3 niveaux et terrasse donnant sur une cour privée. Le loft se compose au sous-sol d'une salle de sport avec sauna et douche. Rez-de-chaussée une entrée, une grande cuisine totalement équipée et salle à manger ouvrant sur un salon, une chambre, salle de douche, toilettes et buanderie. Au premier des passerelles flottantes et une mezzanine avec un second salon. Deux chambres dont une salle de bains en suite avec baignoire incrustée dans le sol, u…",7,Inconnu,https://immobilier.lefigaro.fr/annonces/annonce-30243365.html,2
8083.0,207.0, Paris 2ème (75),"Très belle surface de bureaux atypiques au coeur de 2ème arrondissement, entre Bourse et Palais Royal :
Au Rez-de-Chaussée, deux grands open-space, un coin café, un coin cuisine et des sanitaires, Une mezzanine accessible depuis l'open-space principal,Au 1er étage, une salle de réunion, et trois boxes en verre pour s'isoler ou pour réunion, le tout sur 58m2 environ,Au sous-sol, une cave voutée d'environ 22m2 saine (sol bétonné) pour entreposer matériel et équipement.Idéal pour activités en mode projet, ces bureaux atypiques apportent un esprit 'start-up'.

Disponible : 1er février 2023

Honora…",7,Inconnu,https://immobilier.lefigaro.fr/annonces/annonce-37484189.html,1
5932.0,210.33, Paris 17ème (75),"BOULEVARD DE COURCELLES, à proximité immédiate du parc MONCEAU, appartement de 6 pièces situé au 3ème étage avec ascenseur, composée d'une entrée, office,  séjour, salon,  cuisine, 3 dégagements, 4 chambres,  2 salles de bain et de deux WC séparés. Chauffage et eau chaude collectifs.   Zone soumise à l'encadrement des loyers:  - loyer de base : 5392€ HC  - loyer de référence majoré : 6036.47€    (Si bail code civil, conditions exclues des champs d'application de la loi du 6 Juillet 1989).",6,Inconnu,https://immobilier.lefigaro.fr/annonces/annonce-33035553.html,1
5750.0,212.0, Paris 10ème (75),"METRO STALINGRAD - RUE DU FAUBOURG SAINT MARTIN

Au 2ème étage avec ascenseur d'un immeuble exclusivement de bureaux, une surface de 212 m² comprenant un vaste espace de réception vitré et lumineux, cinq bureaux et sanitaires.

Deux parkings en sous sol inclus

Loyer annuel : 69 000 euros HT

Provisions sur charges annuelles : 8 200 euros HT

Dépôt de garantie : 17 250 euros

Honoraires : 20 700 euros HT

Libre de suite",5,Rue du Faubourg,https://immobilier.lefigaro.fr/annonces/annonce-49630384.html,1
19447.0,648.0, Paris 13ème (75),"A proximité immédiate du métro, dans un immeuble de bureaux de standing, à louer surface de bureaux lumineuse avec une belle vue sur les toits de Paris
CARACTERISTIQUES DE L'OFFRE :
Au pied du métro Chevaleret
Plateau entièrement rénové
Surface d'environ 648m²
5ème étage avec batterie d'ascenseurs
Surface flexible
Recloisonnable
Climatisation réversibles
15 places de parking disponibles
Grand local réserve/archives de 124 m² en sous-sol
Possibilité PMR
CONDITIONS :&nbsp; Type de bail : Bail commercial 3/6/9 ans Loyer bureaux &nbsp;: 360€/m²/an HT HC
Loyer archives : 100 €/m²/an HT HC
Loyer parkings : 1 …",-1,Inconnu,https://immobilier.lefigaro.fr/annonces/annonce-42431105.html,0
6500.0,210.0, Paris 17ème (75),"LOCATION APPARTEMENT MEUBLE 6 PIÈCES PARIS 17    M° PEREIRE ou WAGRAM (ligne 3) / COURCELLES, TERNES ou MONCEAU (ligne 2),   RER A accès aéroport Charles de Gaulle      EXCEPTIONNEL! SUPERBE APPARTEMENT 6 PIÈCES ENTIÈREMENT RÉNOVÉ RUE PIERRE DEMOURS. TRÈS LUXUEUX. MEUBLE MODERNE. CHEMINÉES, PARQUET, MOULURES, BELLE HSP - CHAUFFAGE COLLECTIF      Dans un immeuble PDT, cet appartement FAMILIAL et de RÉCEPTION d'environ 210m2, se compose d'une grande galerie d'entrée, d'un grand séjour et d'un petit salon, d'une salle à manger, d'une cuisine équipée très spacieuse avec un confortable espace repas…",6,Rue Pierre,https://immobilier.lefigaro.fr/annonces/annonce-15782923.html,1
20863.0,447.0, Paris 16ème (75),"A proximité du Trocadero et de l'avenue Kléber, dans un bel immeuble haussmannien de grand standing, à louer une surface indépendante d'environ 447m² en R+1. CARACTERISTIQUES DE L'OFFRE &nbsp;:
Métro Boissière
Surface en R+1&nbsp;
Plateau de 447m²
Au rez-de-chaussée :&nbsp;
Une entrée/accueil
5 bureaux indépendants
Une salle de reunion
Un open space
A l'étage :
8 bureaux
Sanitaires
Cuisine
Le bien est complété par 6 caves en sous sol
CONDITIONS &nbsp;:&nbsp; Type de bail &nbsp;: Bail commercial 3/6/9 ans
Loyer bureaux &nbsp;: 560€/m²/an HT HC&nbsp;&nbsp;
Disponibilité &nbsp;: Immédiate&nbsp; Prestations : Accès direct sur rue;accueil;bel escalier …",-1,Rue Accueil,https://immobilier.lefigaro.fr/annonces/annonce-41143209.html,0
6126.0,262.0, Paris 15ème (75),"Tour Montparnasse, à louer au 7ème étage une surface de bureaux climatisée 262m² avec vue paranomique sur Paris&nbsp; CARACTERISTIQUES DE L'OFFRE :&nbsp;
La surface se compose d'un ensemble de bureaux et de salles de réunion
Cloisonnement de très bonne qualité&nbsp;
Climatisation réversible&nbsp;
Ascenseur et monte-charge&nbsp;
Hôtesse d'acceuil 24/24 et PC de sécurité
Fibre optique&nbsp;
Parking intérieur&nbsp;
CONDITIONS FINANCIERES :&nbsp;
Bail: dérogatoire de 12 à 24 mois
Disponibilité : immédiate&nbsp;&nbsp;
&nbsp; Prestations : Accès sécurisé;accueil;Air conditionné;Fibre optique",-1,Inconnu,https://immobilier.lefigaro.fr/annonces/annonce-46442356.html,1
15133.0,247.0, Paris 8ème (75),"A proximité de la Madeleine, dans un immeuble haussmannien, à louer une surface de bureaux rénovée de 247m² située au 2ème et 4 ème étage avec ascenseur CARACTERISTIQUES DE L'OFFRE :&nbsp;
Locaux fonctionnels et climatisés
Accès sécurisé
Parquet, moulures, cheminées
Fibre optique
Chauffage collectif
Fenêtres ouvrantes avec double vitrage&nbsp;
CONDITIONS :&nbsp;
Bail&nbsp;: commercial 3-6-9 ans
Disponiblilité : immédiate&nbsp; Prestations : Accès sécurisé;cablage informatique;Climatisation;Fibre optique;Moulures, cheminées;Parquet",-1,Inconnu,https://immobilier.lefigaro.fr/annonces/annonce-49243222.html,0
30000.0,300.0, Paris 16ème (75),"Vue exceptionnelle sur la Tour Eiffel et tout Paris !
CATHERINE PIGUET vous ouvre les portes d'un appartement d'exception de 6 pièces entièrement restauré dans des matériaux de grande qualité et très luxueux, l'ensemble est unique, lumineux, plein Sud, sans vis à vis. 3M60 de hauteur sous plafond, parquet, moulures, cheminées. Décoration Versace. Produit très rare !
Honoraires locataire en cas de baux 6 Juillet 1989 de 3 600 €TTC hors état des lieux.
Contact: <button>contactez l’annonceur</button>

BREATHTAKING VIEW OF EIFFEL TOWER AND ALL PARIS
CATHERINE PIGUET open you the doors of an exclusive  6-room apartme…",7,Inconnu,https://immobilier.lefigaro.fr/annonces/annonce-49039682.html,2
4292.0,261.0, Paris 16ème (75),"Entrepôt atypique à louer réparti sur 3 niveaux:
- Au RDC, une entrée privative sur rue de 14m²
- Au 1er sous sol (escalier intérieur) une pièce ouverte de 67m² .
- Au 2em sous-sol (escalier intérieur) une pièce ouverte de 180m². Belle hauteur sous plafond.
Livré brut de béton. Peu de contraintes porteuses, grande facilité d'aménagement.
Idéal pour stockage, atelier, locaux d'activité, photographe... Disponible de suite. Prestations : Accès privatif sur rue;Terrasse;Deux escaliers",-1,Rue de 14m²,https://immobilier.lefigaro.fr/annonces/annonce-47097768.html,1
9920.0,350.0, Paris 18ème (75),"A proximité de la Gare du Nord et du futur campus Condorcet, à louer au 1er étage, une surface de bureaux de 350m² se composant d'un open-space, 2 blocs sanitaires H/F.
PC sécurité. Accès PMR/ERP. Climatisation réversible.&nbsp;
Bail commercial 3/6/9 ans.&nbsp; Prestations : Accès PMR;Ascenseur;ERP;PC sécurité;Climatisation",1,Inconnu,https://immobilier.lefigaro.fr/annonces/annonce-46996952.html,1
9200.0,320.0, Paris 16ème (75),"Idéalement situé à quelques pas des commerces et des métros en plein coeur de la rue de la Pompe. Au cinquième étage avec ascenseur d'un très bel immeuble ancien très bien entretenu, ravalé récemment et sécurisé. Somptueux huit pièces vide 320m² loi Carrez traversant et baigné de lumière avec vue Tour Eiffel. Parquet en pointe de Hongrie, moulures et très belle hauteur sous plafond. Entièrement repeint. Grande entrée avec verrière sur cour, triple réception sur balcon filant, spacieuse salle à manger, cinq chambres avec salle de douche et bains attenantes, cuisine d'appoint semi-équipée, trois…",8,Rue de la Pompe,https://immobilier.lefigaro.fr/annonces/annonce-48826836.html,1
15000.0,330.0, Paris 8ème (75),"Situé en plein cœur de l'Avenue Marceau, Engel &amp; Völkers vous propose la location d'un appartement vide de 330m², 8 pièces au 3ème étage avec ascenseur d'un immeuble haussmannien de grand standing.

Cet appartement se compose d'une magnifique galerie d'entrée, d'un triple séjour très lumineux avec balcon filant, d'une salle à manger, d'une cuisine,

La partie nuit est composé de quatre chambres dont une en suite, d'une salle de bain, de trois salles d'eau et toilettes. 

Vous serez séduits par sa hauteur sous plafond de 3m60, le charme ses cheminées et son parquet en point de Hongrie.

DPE : V…",8,Inconnu,https://immobilier.lefigaro.fr/annonces/annonce-42120037.html,0
11500.0,414.0, Paris 10ème (75),"METRO STALINGRAD - RUE DU FAUBOURG SAINT MARTIN

Au 2ème et 3ème étage avec ascenseur d'un immeuble exclusivement de bureaux, une surface de bureaux de 424 m² répartie sur deux plateaux.

Chaque plateau dispose de deux portes d??entrée et comprend un vaste espace de réception vitré et lumineux, cinq bureaux et sanitaires.

Plateaux entièrement modulables.

Quatre parkings en sous-sol inclus

Loyer annuel : 138 000 euros HT

Provisions sur charges annuelles : 16 400 euros HT

Dépôt de garantie : 34 500 euros

Honoraires : 41 400 euros HT

Libre de suite",10,Rue du Faubourg,https://immobilier.lefigaro.fr/annonces/annonce-49630380.html,1
15500.0,267.27, Paris 16ème (75),"Vue sur Tour Eiffel - Appartement de luxe  Bien d'exception, situé sur l'avenue du Président Kennedy, dans un ancien hôtel de prestige construit à l'occasion de l'exposition universelle de Paris.  Entièrement refait par architecte avec du mobilier très raffiné, il se compose d'une spacieuse entrée desservant un séjour de 58m² avec balcon filant donnant sur la Seine et la tour Eiffel, une belle salle à manger avec cuisine équipée, une suite master avec baignoire et douche, grand dressing et balcon indépendant, deux autres chambres, salle d'eau et  WC séparés. Cheminée insert. Meubles de collect…",5,Inconnu,https://immobilier.lefigaro.fr/annonces/annonce-46067912.html,0
7582.0,214.0, Paris 11ème (75),"Métro Nation , dans un immeuble moderne, à louer au 1er étage avec ascenseur, une surface de bureaux calme et lumineuse de 214m² . CARACTERISTIQUES DE L'OFFRE&nbsp;
Entrée accueil
open space
1 salle de réunion
3 bureaux
Bloc sanitaires
Cuisine équipée
Possibilité de décloisonner les espaces
Places de parking disponibles rue de Montreuil
Ascenseur
Gardien
CONDITIONS FINANCIERES&nbsp; Bail &nbsp;: 3/6/9 ans
Disponibilité : Immédiate Prestations : Digicode;Interphone;Câblage informatique;Baie de brassage;Chauffage collectif",-1,Rue de Montreuil,https://immobilier.lefigaro.fr/annonces/annonce-48413936.html,1
10834.0,310.0, Paris 4ème (75),"Quartier Hotel de Ville, Consult'im vous propose un local commercial sur cour, accès livraison et sortie de secours sur Rue annexe.&nbsp;
Surface de 310m² de plain pied.&nbsp;
Reprise 200 000€
Disponible rapidement. Bail 3/6/9 ans.",-1,Rue Annexe,https://immobilier.lefigaro.fr/annonces/annonce-42431107.html,1
420.0,206.0, Paris 11ème (75),"FOLIE MERICOURT / MENILMONTANT - Le Cabinet Jacques Azoulay vous propose 206 m² de bureaux à louer, répartis sur trois niveaux : rez-de-chaussée, mezzanine et sous-sol. Il bénéficie d’une belle verrière donnant à la surface un style « loft » et procurant une très belle luminosité. La structure flexible des locaux, permet un aménagement « sur-mesure ». Les locaux sont fibrés. Métro à 200m.



Type de bail: Commercial 3/6/9 ans

LOYER : 420€/M²/AN

DEPOT DE GARANTIE : 3 mois de loyer HT HC

Impôt foncier à la charge du preneur (20,80 € / m² / an)

Taxe sur les bureaux à la charge du preneur (19,…",-1,Inconnu,https://immobilier.lefigaro.fr/annonces/annonce-26880813.html,1
10992.0,347.0, Paris 16ème (75),"A louer, locaux lumineux de 347 m² situés au 1er étage avec ascenseur d'un bel immeuble Pierre de Taille de très bon standing, se composant d'une entrée/accueil déservant 5 pièces sur rue (dont une grande), 4 pièces sur cour, une cuisine, 4 salles de bain et un local technique.&nbsp;
Très belle hauteur sous plafond (3m40), parquet point de Hongrie, moulures et cheminées.&nbsp;
Idéal pour les professions libérales.&nbsp;
Bail code civil - disponible au 1er septembre 2022.&nbsp; Prestations : Belle hauteur sous plafond;Cuisine;Espace d'accueil ;Espace déjeunatoire;Moulures, cheminées;Parquet point de Hongrie;Salle …",-1,Rue Dont,https://immobilier.lefigaro.fr/annonces/annonce-41390579.html,1
6662.0,235.0, Paris 17ème (75),"LOCATION APPARTEMENT DE RECEPTION PARIS 17- 5 PIECES RENOVE, Place du Général Catroux, à proximité de la station de métro Malesherbes, proche du Lycée Carnot et de l'Ecole Normale de Musique et Université Paris Sorbonne, Quartier Plaine de Monceau, dans un bel immeuble de standing haussmannien de 1900 sur 6 étages, avec ascenseur et avec gardien .Un bel appartement de réception rénové au 1er étage avec vue dégagée, beaux volumes et belle hauteur sous plafond comprenant : d'une entrée, salle à manger, spacieux séjour, bureau, cuisine, un wc,  2 chambres (une suite parentale avec salle de bains …",5,Inconnu,https://immobilier.lefigaro.fr/annonces/annonce-37077325.html,1
10502.0,300.0, Paris 20ème (75),"Métro Place de la Nation, dans un immeuble mixte à louer au RDC une surface de bureaux lumineuse de 300m² CARACTERISTIQUES DE L'OFFRE :
Mixte open-space et bureaux cloisonnés
Climatisation réversibles
Belle hauteur sous plafond
CONDITIONS :&nbsp; Type de bail : Bail commercial 3-6-9 ans Disponibilité : Immédiate Prestations : Gardien;Digicode;Parties communes de bon standing;accueil;Local technique;Cuisine;Belle hauteur sous plafond;Lumineux;Double exposition",-1,Inconnu,https://immobilier.lefigaro.fr/annonces/annonce-48454382.html,1
21602.0,617.0, Paris 13ème (75),"A proximité immédiate du métro et du boulevard périphérique, dans un immeuble de bonne facture en bon état, à louer une surface de bureaux au 2ème étage de 617 m²
CARACTERISTIQUES DE L'OFFRE :
Au pied du métro Porte d'Italie
Plateau entièrement décloisonnable
Surface d'environ 617 m²
2ème étage avec batterie d'ascenseurs
Hotesse d'accueil
Surface flexible
Climatisation réversible
34 places de parking disponibles
Terrasse accessible
Salles de réunion équipées et mutualisées disponibles
Possibilité PMR et ERP
Autres plateaux disponibles dans l'immeuble
CONDITIONS :&nbsp; Type de bail : Bail commercia…",-1,Inconnu,https://immobilier.lefigaro.fr/annonces/annonce-45873518.html,0
21602.0,617.0, Paris 13ème (75),"Vue dégagée - A proximité immédiate du métro et du boulevard périphérique, dans un immeuble de bonne facture en bon état, à louer une surface de bureaux au 4ème étage de 617 m²
CARACTERISTIQUES DE L'OFFRE :
Au pied du métro Porte d'Italie
Plateau entièrement décloisonnable
Surface d'environ 617 m²
4ème étage avec batterie d'ascenseurs
Hotesse d'accueil
Surface flexible
Climatisation réversible
34 places de parking disponibles
Terrasse accessible
Salles de réunion équipées et mutualisées disponibles
Possibilité PMR et ERP
Autres plateaux disponibles dans l'immeuble
CONDITIONS :&nbsp; Type de bail : …",-1,Inconnu,https://immobilier.lefigaro.fr/annonces/annonce-45873516.html,0
21602.0,617.0, Paris 13ème (75),"Vue dégagée - A proximité immédiate du métro et du boulevard périphérique, dans un immeuble de bonne facture en bon état, à louer une surface de bureaux au 5ème étage de 617 m²
CARACTERISTIQUES DE L'OFFRE :
Au pied du métro Porte d'Italie
Plateau entièrement décloisonnable
Surface d'environ 617 m²
5ème étage avec batterie d'ascenseurs
Hotesse d'accueil
Surface flexible
Climatisation réversible
34 places de parking disponibles
Terrasse accessible
Salles de réunion équipées et mutualisées disponibles
Possibilité PMR et ERP
Autres plateaux disponibles dans l'immeuble
CONDITIONS :&nbsp; Type de bail : …",-1,Inconnu,https://immobilier.lefigaro.fr/annonces/annonce-45873506.html,0
6238.0,231.0, Paris 8ème (75),"Entre le Parc Monceau et la Gare Saint Lazare, à louer dans un immeuble Haussmannien avec parties communes de standing, bureaux d'une surface de 231m² situés en RDC et sous-sol entièrement rénovés avec verrière et terrasse privative.
CARACTERISTIQUES DE L'OFFRE
A toute proximité du métro Miromesnil
Surface d'environ 231 m²
Accueil commun
Au RDC
1 salle de réunion donnant sur une terrasse privative
Sanitaire
Cuisine
Au sous-sol
1 grand open-space sous verrière
1 bureau
2 sanitaires
Douche
Espace stockage (possibilité d'installer une cuisine)
Ascenseur reliant les 2 plateaux
Facilement recloison…",-1,Inconnu,https://immobilier.lefigaro.fr/annonces/annonce-47672732.html,1
25000.0,240.0, Paris 8ème (75),"Situé a proximité du Parc Monceau, dans le quartier résidentiel et familial du 8ème arrondissement, Engel &amp; Völkers vous propose la location d'un appartement meublé de 240m², 7 pièces au 4ème étage avec ascenseur d'un bel immeuble haussmannien.

Cet appartement se compose d'une magnifique entrée avec dégagement en marbre, donnant sur un double séjour avec une très belle hauteur sous plafond, moulure et dorures d'origines, d'une grande cuisine dinatoire aménagée et séparée,

La partie nuit se compose de quatre chambres et de quatre salles d'eau, un parking complète ce bien. 

DPE : A
Loyer 24 2…",7,Inconnu,https://immobilier.lefigaro.fr/annonces/annonce-47412484.html,2
9112.0,390.0, Paris 15ème (75),"Tour Montparnasse, à louer au 7ème étage une surface de bureaux climatisée 390m² avec vue paranomique sur Paris&nbsp; CARACTERISTIQUES DE L'OFFRE :&nbsp;
Configuration mixte&nbsp;
Cloisonnement de très bonne qualité&nbsp;
Climatisation réversible&nbsp;
Ascenseur et monte-charge&nbsp;
Hôtesse d'acceuil 24/24 et PC de sécurité
Fibre optique&nbsp;
Parking intérieur&nbsp;
CONDITIONS FINANCIERES :&nbsp;
Bail: dérogatoire de 12 à 24 mois
Disponibilité : immédiate&nbsp;&nbsp;
&nbsp; Prestations : Accès sécurisé;accueil;Air conditionné;Fibre optique",-1,Inconnu,https://immobilier.lefigaro.fr/annonces/annonce-46442352.html,1
5612.0,240.0, Paris 15ème (75),"Métro Montparnasse Bienvenue, dans la Tour Montparnasse, un immeuble de standing de verre, à louer une surface de bureaux de 240m² en bon état au 5ème étage avec de nombreuses possibilités d'aménagements : cloisonnés, mixte ou en open-space.
Restaurant inter-entreprises, ascenseurs, monte charge, contrôle d'accès, hôtesse d'accueil, possibilité de place de parkings. Restaurant panoramique au 56ème étage.&nbsp;Bail: dérogatoire jusqu'au 31/12/2022. Disponible de suite. Prestations : Ascenseur;Hôtesse d'accueil;Parking;Monte charge",-1,Inconnu,https://immobilier.lefigaro.fr/annonces/annonce-48454378.html,1
18000.0,230.0, Paris 16ème (75),"Splendide appartement de 230 m² entièrement rénové avec goût. Ce bien traversant est situé au troisième étage et offre une très belle luminosité. L'appartement est composé d'une entrée, d'une double réception, de 4 chambres, dont une master room équipé d'une belle salle de douche avec toilettes, d'une cuisine parfaitement équipée séparé, d'un espace douche et lavabos et de toilettes séparés. Présence du charme de l'ancien avec parquets, moulures et cheminée. Une cave complète ce bien.

Loyer mensuel : 18 000 EUROS

Honoraires agence : 12% annuels HT",5,Inconnu,https://immobilier.lefigaro.fr/annonces/annonce-48703728.html,0
28475.0,551.0, Paris 8ème (75),"Consult'im vous propose à proximité du métro Liège et Place de clichy, dans un immeuble fonctionnel à toute proximité de la gare Saint-Lazare, une surface de bureaux à louer au 2ème étage avec ascenseur composée de plateaux fonctionnels, aménagée en open-space et bureaux cloisonnés rénovés, ainsi que d'une grande cuisine.
Accès sécurisé, hall d'accueil, ascenseurs, goulottes périphériques, et climatisation, sanitaires.
Parking en sus.
Bail commercial 3/6/9 ans - disponibilité immédiate. Prestations : Ascenseur;Contrôle d'accès;ERP possible;Faux plafond;Fibre optique;Parking;Sanitaires;Climatis…",-1,Inconnu,https://immobilier.lefigaro.fr/annonces/annonce-43637426.html,2
30000.0,690.0, Paris 17ème (75),Grand Local aux normes ERP pouvant recevoir une activité libérale ou data center. Surface totale de 690 M²  repartie comme suit 360 M² en RDC et 330 M² en partie basse. Loyer HT HC Possibilité de parking,-1,Inconnu,https://immobilier.lefigaro.fr/annonces/annonce-48642566.html,2
14807.0,413.0, Paris 17ème (75),"Consult'im vous propose dans un bel immeuble moderne de standing et des parties communes de qualité, à louer une surface de bureaux lumineuse et traversante de 413m² située au 3ème étage avec peu de contraintes porteuses et pouvant être facilement recloisonnée.
CARACTERISTIQUES DE L'OFFRE &nbsp;:
Lumineux
PC sécurité
Restauration bon local
Terasse
Parking en sous-sol
Open space
Cloisonnable facilement
Vue dégagée
Double batterie d'ascenseurs
Signalétique business
Archive en sous-sol
CONDITIONS &nbsp;:&nbsp;
Bail&nbsp;: 3-6-9 ans
Disponiblité : Après accord
&nbsp; Prestations : Ascenseur;Hall d'accueil;Hôtesse d'accuei…",-1,Inconnu,https://immobilier.lefigaro.fr/annonces/annonce-49298520.html,0
8406.0,224.0, Paris 14ème (75),"A proximité de la gare Montparnasse, donnant sur une belle place, dans un immeuble moderne, à louer une surface au RDC de plain pied.
CARACTERISTIQUES DE L'OFFRE :
Métro Montparnasse
1 très grand open space, 3 salles de réunion, 1 bureau individuel, 1 cuisine équipée et 2 sanitaires.
Très peu de contraintes porteuses. Grandes fenêtres sur rue.
surface d'environ 224 m².
CONDITIONS :
Type de bail: Bail 3/6/9 ans
Loyer bureaux: 450 €/m²/an HT HC
Disponibilité: Immédiate Prestations : Accès PMR;Câblage informatique;Double accès;ERP possible;Parties communes de bon standing;PC sécurité;Climatisatio…",-1,Rue Surface,https://immobilier.lefigaro.fr/annonces/annonce-47097738.html,1
10159.0,420.0, Paris 15ème (75),"A proximité de la Gare Montparnasse, dans le 15ème arrondissement à sous-louer un beau plateau de 420m2 très lumineux au 20ème étage avec ascenseur. Possibilité de mise à disposition du mobilier qualitatif. L'étage bénéficie d’une très belle vue parisienne, et l’immeuble de nombreux services (hôtesses d’accueil, restaurant inter-entreprises..) Possibilité de mise à disposition du mobilier. Accueil, gardien, ascenseur,RIE, faux plafonds, climatisation. Parkings 3 emplacements en sous-sol (1400€/an/U). Disponible de suite. Prestations : Accès PMR;Ascenseur;Baie de brassage;Câblage CAT6;Contrôle …",-1,Inconnu,https://immobilier.lefigaro.fr/annonces/annonce-44015158.html,1
20712.0,355.0, Paris 10ème (75),"Métro Strasbourg Saint Denis, dans un sublime immeuble Art Déco, à louer bureaux au 5ème étage avec ascenseur se composant d'un plateau en full open space de 365m².
Parquet, belle hauteur sous plafond, plinthes périphériques,&nbsp; contrôle d'accès, gardien.
Possibilité local d'archives en suppl.
Bail 3/6/9 ans&nbsp;&nbsp;
Disponible en Octobre 2022. Prestations : Ascenseur;Contrôle d'accès;Interphone;Parquet;Parties communes de bon standing;Belle hauteur sous plafond",-1,Inconnu,https://immobilier.lefigaro.fr/annonces/annonce-48454374.html,0
13216.0,350.0, Paris 10ème (75),"Consult'im vous propose au Métro Strasbourg Saint Denis, dans un très bel immeuble Classé d'Art Déco, à louer des bureaux de 350m² en RDC et sous-sol avec un accès indépendant.&nbsp;Les locaux se compose d'un RDC de 123m² et d'un sous-sol en accès direct via Monte-Charge ou escalier de 227 m².
CARACTERISTIQUES DE L'OFFRE&nbsp;:
hauteur de plafond de plus 4 m
PMR-able, ERP-able
Flexibilité d'aménagement
Cablâge informatique
Fibre optique
Chauffage collectif
Monte charge
Cuisine équipée
CONDITIONS PARTICULIERES :&nbsp; Bail &nbsp;: 3-6-9 ans
Disponibilité : Après accord
&nbsp; Prestations : Accès indépendant;bel escalie…",-1,Inconnu,https://immobilier.lefigaro.fr/annonces/annonce-49384130.html,1
9600.0,251.0, Paris 8ème (75),"Parc Monceau, Boulevard Malesherbes, au dernier étage par ascenseur d'un immeuble fin XIXème aux parties communes flatteuses avec gardien, un joli appartement de réception meublé. Il propose une galerie d'entrée, une grande réception avec vue dégagée sans vis à vis, une salle à manger, un petit salon, un bureau, trois chambres, dont une suite parentale. L'appartement dispose d'une cuisine indépendante équipée et son arrière cuisine avec buanderie et accès de service. Possibilité de chambre de service en plus. L'appartement dispose d'une grande salle de bains avec douche et baignoire, deux sall…",7,Inconnu,https://immobilier.lefigaro.fr/annonces/annonce-47975512.html,1
8443.0,225.0, Paris 8ème (75),"Au coeur du QCA, à deux pas du métro et dans un immeuble haussmannien de bon standing avec parties communes de qualité, à louer bureaux livrés rénovés câblés et climatisés situés au 6ème étage avec ascenseur CARACTERISTIQUES DE L'OFFRE :
A toute proximité du métro Miromenil
Locaux rénovés, cablés et climatisés
Surface d'environ 225m²
Accueil
2 open spaces
2 bureaux
Local technique
Cuisine
Bloc sanitaires
Beaux volumes
Calme et lumineux, vue dégagée sur les toits de Paris
Fibre
CONDITIONS FINANCIERES :&nbsp; Type de bail : Bail dérogatoire
Loyer bureaux &nbsp;: 450 €/m²/an HT HC
Disponibilité immédiate P…",-1,Inconnu,https://immobilier.lefigaro.fr/annonces/annonce-45511800.html,1
11558.0,220.0, Paris 8ème (75),"En plein coeur du QCA, dans un bel immeuble d'angle de standing, à louer locaux lumineux sur parquet au 2ème étage avec ascenseur
CARACTERISTIQUES DE L'OFFRE :
A toute proximité du métro Miromesnil
Locaux en bon état
Parquet
Moulures
Cheminées
Surface d'environ 220 m²
Entrée
10 bureaux
Cuisine
Double sanitaires
2ème étage avec ascenseur
Gardienne
CONDITIONS :&nbsp; Type de bail : Bail commercial 3/6/9 ans Loyer bureaux &nbsp;: 630€/m²/an HT HC
&nbsp; Prestations : Ascenseur;Câblage CAT6;Câblage informatique;Digicode;Gardien;Interphone;Parquet;Moulures;Plinthes périphériques",22,Inconnu,https://immobilier.lefigaro.fr/annonces/annonce-46019510.html,1
11303.0,280.0, Paris 2ème (75),"iad France - Hector Galloula ( <button>contactez l’annonceur</button>) vous propose : PARIS 2EME, rue des Jeuneurs dans un immeuble PDT, local commercial de 137m² environ au rez de chaussée et 143m² environ au sous-sol directement accessible par le magasin. Bonne hauteur sous plafond. Le métro Bonne Nouvelle est à 3minutes.

  Le bien associé à cette annonce est non soumis au DPE. La présente annonce immobilière a été rédigée sous la responsabilité éditoriale de M. Hector Galloula (ID 1265), Agent Commercial mandataire en immobilier immatriculé au Registre Spécial des Agents Commerciaux (RSAC) du Tribunal de Commerce …",-1,Rue des Jeuneurs,https://immobilier.lefigaro.fr/annonces/annonce-49062286.html,1
9850.0,264.06, Paris 3ème (75),"VISITE VIRTUELLE EN LIGNE - Paris 3ème Réaumur Sébastopol - Boulevard Sébastopol - 4ème étage avec ascenseur - Bureaux composés de 9 bureaux, débarras, salle d'archives, plusieurs sanitaires, cuisine et salle de repos et balcon. 7 bureaux donnant sur le boulevard, les autres sur cour. Double vitrage.  Exposé ouest - Disponible en fin d'année 2022. DPE réalisé le 20 septembre 2022 - Etiquette C - Consommation annuelle d'énergie estimée à 10424euros/an.  Honoraires à charge du preneur : 36600euros dont 900euros de frais d'acte et 420euros d'état des lieux.",21,Inconnu,https://immobilier.lefigaro.fr/annonces/annonce-47965994.html,1
5822.0,249.0, Paris 15ème (75),"Vue sur la Tour Eiffeil, au coeur de la célèbre Tour Montparnasse, des bureaux à louer de 249m²&nbsp;
CARACTERISTIQUES DE L'OFFRE :
A toute proximité des transports
Une surface au 5ème étage&nbsp;
En bon état
Open space et plusieurs bureaux&nbsp;
Espace flexible
Calmes et lumineux
Places de parking en sus
CONDITIONS : Type de bail : Bail dérogatoire de&nbsp;12 à 24 mois
Loyer bureaux : 280€/m²/an HT HC
Charges : 140€/m²/an
Disponibilité : Immédiate
&nbsp; Prestations : Ascenseur;Hôtesse d'accueil;Parking;Monte charge",-1,Inconnu,https://immobilier.lefigaro.fr/annonces/annonce-44349542.html,1
6942.0,297.0, Paris 15ème (75),"Au coeur de la célèbre Tour Montparnasse, des bureaux à louer de 297m²&nbsp;
CARACTERISTIQUES DE L'OFFRE :
A toute proximité des transports
Une surface au 5ème étage&nbsp;
En bon état
6 bureaux, 2 grands bureaux et 2 grandes salles de réunion
Calmes et lumineux
Places de parking en sus
CONDITIONS : Type de bail : Bail dérogatoire de&nbsp;12 à 24 mois
Loyer bureaux : 280€/m²/an HT HC
Charges : 140€/m²/an
Disponibilité : Immédiate
&nbsp; Prestations : Ascenseur;Hôtesse d'accueil;Parking;Monte charge",-1,Inconnu,https://immobilier.lefigaro.fr/annonces/annonce-44322558.html,1
20634.0,330.0, Paris 3ème (75),"SITUÉE ENTRE LE MUSÉE DES ARTS ET MÉTIERS ET DU CENTRE GEORGES POMPIDOU, DANS LE QUARTIER DU MARAIS.
3 boutiques réunies (éventuellement divisibles) d'une surface de 330m2 en RDC au total.
Hauteur sous plafond de 4m.
Façade de 60m.
Disponibilité: 1er Février 2023
Accessible par le métro Arts et métiers et le métro Temple.
Ce bien vous est présenté par le cabinet KORN IMMOBILIER COMMERCIAL
 DPE manquant Ce bien vous est proposé par un agent commercial. Nos honoraires : https://files.netty.immo/file/lutetia/8241/8VL48/tableau_recapitulatif_des_honoraires1.pdf 

Votre conseiller KORN IMMOBILIER C…",-1,Inconnu,https://immobilier.lefigaro.fr/annonces/annonce-49053976.html,0
5600.0,220.0, Paris 17ème (75),"PARIS 17EME WAGRAM Dans un bel immeuble Haussmannienn de standing un appartement familial de 220m² au 5eme étage avec ascenseur, il  est composé d'une galerie d'entrée, un grand double séjour sans vis à vis donnant sur un balcon filant, cinq chambres dont une en duplex, trois salles de bains, une belle cuisine dinatoire.

Belles prestations.

Digicode interphone et gardien.

Libre.

Contact <button>contactez l’annonceur</button>.",7,Inconnu,https://immobilier.lefigaro.fr/annonces/annonce-35200889.html,1
9400.0,240.0, Paris 8ème (75),"Rue de la Pépinière, dans un très bel Immeuble en pierre de taille au 5ème avec ascenseur, bureaux composés de : 
 Entrée - accueil, 7 bureaux, 1 salle de réunion, 1 local technique, 2 sanitaires. Câblage informatique. Moquette au sol. BALCON Filant.
 D'autres surfaces possibles, se renseigner auprès d'AXIMMO Paris 9.
 Proximité commerces et transports.
 Bail 3/6/9 ans. Non assujetti à la TVA ni à la CRL.",-1,Rue de la Pépinière,https://immobilier.lefigaro.fr/annonces/annonce-49243454.html,1
21602.0,617.0, Paris 13ème (75),"A proximité immédiate du métro et du boulevard périphérique, dans un immeuble de bonne facture en bon état, à louer une surface de bureaux au 3ème étage de 617 m²
CARACTERISTIQUES DE L'OFFRE :
Au pied du métro Porte d'Italie
Plateau entièrement décloisonnable
Surface d'environ 617 m²
3ème étage avec batterie d'ascenseurs
Hotesse d'accueil
Surface flexible
Climatisation réversible
34 places de parking disponibles
Terrasse accessible
Salles de réunion équipées et mutualisées disponibles
Possibilité PMR et ERP
Autres plateaux disponibles dans l'immeuble
CONDITIONS :&nbsp; Type de bail : Bail commercia…",-1,Inconnu,https://immobilier.lefigaro.fr/annonces/annonce-45873512.html,0
9005.0,225.0, Paris 8ème (75),"Au coeur du QCA, à deux pas du métro et dans un immeuble haussmannien de bon standing avec parties communes de qualité, à louer bureaux livrés rénovés câblés et climatisés d'une surface de 225m² situés au 6ème étage avec ascenseur CARACTERISTIQUES DE L'OFFRE :
A toute proximité du métro Miromenil
Locaux rénovés, cablés et climatisés
Surface d'environ 225m²
Accueil
2 open spaces
2 bureaux
Local technique
Cuisine
Bloc sanitaires
Beaux volumes
Calme et lumineux, vue dégagée sur les toits de Paris
Fibre
CONDITIONS FINANCIERES :&nbsp; Type de bail : Bail commercial 3/6/9 ans Loyer bureaux &nbsp;: 480 €/m²/an…",-1,Inconnu,https://immobilier.lefigaro.fr/annonces/annonce-47097924.html,1
8500.0,211.0, Paris 12ème (75),"Proche Nation, Consult'im vous propose en location pure une boutique de 211m² de plain pied, idéal pour une activité de stockage, Showroom.&nbsp;
Belle vérriere apportant de la lumière naturelle ainsi qu'une vitrine de 5m linéaire ainsi qu'un accès indépendant sur la rue. Toute activité sauf restauration avec extraction. Garanties demandées
Disponible rapidement après accord. Cession 50 000€ Négociable.
Bail 3/6/9 ans. Prestations : Verrière;Vitrine;sous sol",-1,Rue Toute,https://immobilier.lefigaro.fr/annonces/annonce-44661784.html,1
11476.0,221.53, Paris 7ème (75),"Ligne directe : <button>contactez l’annonceur</button>  PARIS 7 - Rue de Grenelle - PHOTOS A VENIR Au sein d'une copropriété sécurisée avec gardien, grand local de type bureau de 221.53 m² se composant d'une salle d'attente, une cuisine ouverte, huit bureaux, une salle de serveurs, deux cabinets de toilettes Local disponible immédiatement",-1,Rue de Grenelle,https://immobilier.lefigaro.fr/annonces/annonce-45469536.html,1
16000.0,320.0, Paris 8ème (75),"PARIS 8ème à deux pas du BRISTOL, BUREAUX A LOUER de grand standing rue de Penthièvre métro Miromesnil. A louer vide bureaux de 320 m² au 1er étage avec ascenseur, dix pièces, grand standing, parquet, moulures, cheminée, coin cuisine, deux WC une douche. Bail 3/6/9 loyer annuel 192.000 euros TTC et 15% de charges forfaitaires. Digicode, gardien, ascenseur.",-1,Rue de Penthièvre,https://immobilier.lefigaro.fr/annonces/annonce-39518565.html,0
28350.0,650.0, Paris 4ème (75),"PARIS 04 BEAUBOURG A LOUER LOCAL COMMERCIAL TOUT COMMERCE TRAVERSANT 650M² DIVISIBLES EMPLACEMENT N°1. Laurent THIERY vous propose à la LOCATION ce LOCAL COMMERCIAL TOUT COMMERCE de 650m², situé dans le quartier très dynamique de BEAUBOURG, à proximité du CENTRE GEORGES POMPIDOU, au coeur du 4ème arrondissement de Paris. GROS FLUX PIETONS DEVANT LA VITRINE. BELLE VISIBILITE. Surface répartie en 3 niveaux, dont 260M² en RDC et une partie du s/sol en ERP. HSP : entre 2,25 et 3,50m. Conduit de cheminée. Travaux à prévoir. Bail 3/6/9. Loyer demandé : 28.350 euros HT HC/mois. Dépôt de garantie : 3 …",-1,Inconnu,https://immobilier.lefigaro.fr/annonces/annonce-49549594.html,2
22903.0,775.99, Paris 17ème (75),"Au sein de ce quartier dynamique du 17ème arrondissement de Paris, à proximité de la place WAGRAM, nous vous proposons à la location, des locaux fonctionnels et lumineux d'une surface de 775.99m2  Cet immeuble indépendant en R+4 avec accès indépendant sécurisé, est organisé en plusieurs plateaux traversants,  Flexibilité d'aménagement.  Immeuble indépendant  en R+4 - Accès indépendant sécurisé - Plateaux de bureaux au RDC, 1er , 2ème étage, 3ème  - Grande salle de réunion  - Flexibilité d'aménagement - Raccordement à la fibre - Archives et cuisine au sous-sol - Terrasse   caution bancaire de 1…",-1,Inconnu,https://immobilier.lefigaro.fr/annonces/annonce-46485136.html,2
11661.0,222.0, Paris 9ème (75),"Métro Le Peletier, dans un immeuble de bon standing, à louer une surface de bureaux de 222m² au 5ème étage, aménagée en mix open-spaces et bureaux cloisonnés avec des sanitaires.
Contrôle d'accès, ascenseur, climatisation.
Bail : 3/6/9 ans - Disponibilité immédiate Prestations : Accès PMR;Accès sécurisé;Ascenseur;Bureaux cloisonnés;cablage informatique;Espace Ouvert;Hôtesse d'accueil;Parking à proximité;Parquet;Sanitaires;Baie de brassage;Climatisation",-1,Inconnu,https://immobilier.lefigaro.fr/annonces/annonce-48821518.html,1
29387.0,1102.0, Paris 14ème (75),"Consult'im vous propose à toute proximité d'Alésia, à louer, un immeuble indépendant de bureaux en R+6 de 1102m² . Les locaux sont lumineux et flexibles en termes d’aménagement.
Jardin privatif de 260 m².&nbsp;Contrôle d’accès, chauffage immeuble gaz, accès privatif sur rue, faux plafond, câblage informatique, fibre optique.&nbsp;
Bail&nbsp;: commercial 3-6-9 ans.
Disponible : Mai 2022
A VISITER RAPIDEMENT !
Régime CRL ( pas de TVA)
&nbsp; Prestations : cablage informatique;Contrôle d'accès;Faux plafond;Fibre optique;Jardin privatif;Cuisine",-1,Rue Faux,https://immobilier.lefigaro.fr/annonces/annonce-47097728.html,2
9112.0,390.0, Paris 15ème (75),"Au coeur de la célèbre Tour Montparnasse, des bureaux à louer de 390m²&nbsp;
CARACTERISTIQUES DE L'OFFRE :
A toute proximité des transports
Une surface au 7ème étage&nbsp;
En bon état
De nombreuses possibilités d'aménagements : cloisonnés, mixte ou en open-space
Calmes et lumineux
Places de parking en sus
CONDITIONS : Type de bail : Bail dérogatoire de&nbsp;12 à 24 mois
Loyer bureaux : 280€/m²/an HT HC
Charges : 140€/m²/an
Disponibilité : Immédiate
&nbsp; Prestations : Ascenseur;Hôtesse d'accueil;Parking;Monte charge",-1,Inconnu,https://immobilier.lefigaro.fr/annonces/annonce-44661794.html,1
12370.0,321.0, Paris 16ème (75),"Bonduelle Immobilier Commerces &amp; Bureaux vous propose ces très beaux bureaux d'une surface totale de 320,6 m2, située BOULEVARD EXELMANS, au 1er étage d'un immeuble moderne à vocation professionnelle. Entrée/accueil, Espace cafétéria, 4 toilettes, local technique. 2 grands open space (possibilité de cloisonner pour créer des bureaux indépendants). Idéalement située au PIED DU MÉTRO EXELMANS (L9), à proximité de nombreux commerces. Nombreuses possibilités d'aménagement/cloisonnement.

 

Loyer annuel : <button>contactez l’annonceur</button>,80€ HT HC/an soit 10 633,23€ HT HC/mois. Charges annuel : 20 839€ HT/an soit 1 736,58…",2,Inconnu,https://immobilier.lefigaro.fr/annonces/annonce-42399645.html,1
28476.0,551.0, Paris 8ème (75),"Consult'im vous propose au Métro Liège à proximité de la gare Saint-Lazare, dans un immeuble moderne à louer une surface de bureaux non divisibles au 3ème étage avec une belle hauteur sous plafond, composée de plateaux fonctionnels et lumineux, open spaces, salles de réunion, cuisine et possibilité de parkings supplémentaires au sous-sol.&nbsp;
Hall d'accueil, contrôle d'accès sécurisé par badge, interphone, duplex d'ascenseurs, monte-charge, escalier de service, éclairage par pavés LED, goulottes périphériques, climatisation double flux.&nbsp;
Places de parking en sus.
Bail commercial : 3/6/9 ans - Dis…",-1,Inconnu,https://immobilier.lefigaro.fr/annonces/annonce-43637428.html,2
